-- MySQL dump 10.13  Distrib 8.0.29, for Win64 (x86_64)
--
-- Host: localhost    Database: lms
-- ------------------------------------------------------
-- Server version	8.0.21

/*!40101 SET @OLD_CHARACTER_SET_CLIENT=@@CHARACTER_SET_CLIENT */;
/*!40101 SET @OLD_CHARACTER_SET_RESULTS=@@CHARACTER_SET_RESULTS */;
/*!40101 SET @OLD_COLLATION_CONNECTION=@@COLLATION_CONNECTION */;
/*!50503 SET NAMES utf8 */;
/*!40103 SET @OLD_TIME_ZONE=@@TIME_ZONE */;
/*!40103 SET TIME_ZONE='+00:00' */;
/*!40014 SET @OLD_UNIQUE_CHECKS=@@UNIQUE_CHECKS, UNIQUE_CHECKS=0 */;
/*!40014 SET @OLD_FOREIGN_KEY_CHECKS=@@FOREIGN_KEY_CHECKS, FOREIGN_KEY_CHECKS=0 */;
/*!40101 SET @OLD_SQL_MODE=@@SQL_MODE, SQL_MODE='NO_AUTO_VALUE_ON_ZERO' */;
/*!40111 SET @OLD_SQL_NOTES=@@SQL_NOTES, SQL_NOTES=0 */;

--
-- Table structure for table `city`
--

DROP TABLE IF EXISTS `city`;
/*!40101 SET @saved_cs_client     = @@character_set_client */;
/*!50503 SET character_set_client = utf8mb4 */;
CREATE TABLE `city` (
  `Id` int NOT NULL,
  `Name` varchar(50) NOT NULL,
  `CreatedBy` int DEFAULT NULL,
  `CreatedOn` datetime DEFAULT NULL,
  `ModifiedBy` int DEFAULT NULL,
  `ModifiedOn` datetime DEFAULT NULL,
  `IsActive` bit(1) DEFAULT NULL,
  PRIMARY KEY (`Id`)
) ENGINE=InnoDB DEFAULT CHARSET=utf8mb4 COLLATE=utf8mb4_0900_ai_ci;
/*!40101 SET character_set_client = @saved_cs_client */;

--
-- Dumping data for table `city`
--

LOCK TABLES `city` WRITE;
/*!40000 ALTER TABLE `city` DISABLE KEYS */;
INSERT INTO `city` VALUES (1,'Lahore',0,'2023-06-24 14:08:11',0,'2023-06-27 09:14:48',_binary ''),(2,'Gujarat',0,'2023-06-24 14:09:28',0,'2023-06-24 10:21:26',_binary ''),(3,'Karachi',0,'2023-06-27 09:13:58',NULL,NULL,_binary ''),(4,'Peeshawar',0,'2023-06-27 15:48:35',NULL,NULL,_binary ''),(5,'paki',0,'2023-06-27 20:53:03',NULL,NULL,_binary ''),(6,'sauudi',0,'2023-06-27 20:57:58',NULL,NULL,_binary ''),(7,'pacsaaa',0,'2023-06-27 21:31:44',0,'2023-06-27 21:31:44',_binary ''),(8,'axz',0,'2023-07-01 17:43:55',NULL,NULL,_binary ''),(9,'pacsaaa',0,'2023-06-27 21:31:44',NULL,NULL,_binary '\0'),(10,'axxz',0,'2023-07-07 14:16:21',NULL,NULL,_binary ''),(11,'Lahori',0,'2023-07-12 15:17:57',NULL,NULL,_binary ''),(12,'aa',0,'2023-07-15 12:07:46',NULL,NULL,_binary '');
/*!40000 ALTER TABLE `city` ENABLE KEYS */;
UNLOCK TABLES;

--
-- Table structure for table `citystudent`
--

DROP TABLE IF EXISTS `citystudent`;
/*!40101 SET @saved_cs_client     = @@character_set_client */;
/*!50503 SET character_set_client = utf8mb4 */;
CREATE TABLE `citystudent` (
  `Id` int NOT NULL,
  `CreatedBy` int DEFAULT NULL,
  `CreatedOn` datetime DEFAULT NULL,
  `ModifiedBy` int DEFAULT NULL,
  `ModifiedOn` datetime DEFAULT NULL,
  `IsActive` bit(1) DEFAULT NULL,
  `CityId` int DEFAULT NULL,
  `StudentId` int DEFAULT NULL,
  PRIMARY KEY (`Id`)
) ENGINE=InnoDB DEFAULT CHARSET=utf8mb4 COLLATE=utf8mb4_0900_ai_ci;
/*!40101 SET character_set_client = @saved_cs_client */;

--
-- Dumping data for table `citystudent`
--

LOCK TABLES `citystudent` WRITE;
/*!40000 ALTER TABLE `citystudent` DISABLE KEYS */;
INSERT INTO `citystudent` VALUES (1,0,'2023-07-13 16:01:53',0,'2023-07-13 16:01:53',_binary '',2,14),(2,0,'2023-07-13 16:04:34',0,'2023-07-13 16:04:34',_binary '\0',1,8),(3,0,'2023-07-13 16:07:08',0,'2023-07-13 16:07:08',_binary '',4,9),(4,0,'2023-07-13 16:08:49',0,'2023-07-13 16:08:49',_binary '',1,13),(5,0,'2023-07-13 16:10:07',0,'2023-07-13 16:10:07',_binary '',1,8),(6,0,'2023-07-13 22:16:32',0,'2023-07-13 22:16:32',_binary '',1,21),(7,0,'2023-07-13 22:28:39',0,'2023-07-13 22:28:39',_binary '',2,12);
/*!40000 ALTER TABLE `citystudent` ENABLE KEYS */;
UNLOCK TABLES;

--
-- Table structure for table `student`
--

DROP TABLE IF EXISTS `student`;
/*!40101 SET @saved_cs_client     = @@character_set_client */;
/*!50503 SET character_set_client = utf8mb4 */;
CREATE TABLE `student` (
  `Id` int NOT NULL,
  `CityId` int DEFAULT NULL,
  `Name` varchar(50) NOT NULL,
  `Email` varchar(50) NOT NULL,
  `CreatedBy` int DEFAULT NULL,
  `CreatedOn` datetime DEFAULT NULL,
  `ModifiedBy` int DEFAULT NULL,
  `ModifiedOn` datetime DEFAULT NULL,
  `IsActive` bit(1) DEFAULT NULL,
  `TopicId` int DEFAULT NULL,
  PRIMARY KEY (`Id`)
) ENGINE=InnoDB DEFAULT CHARSET=utf8mb4 COLLATE=utf8mb4_0900_ai_ci;
/*!40101 SET character_set_client = @saved_cs_client */;

--
-- Dumping data for table `student`
--

LOCK TABLES `student` WRITE;
/*!40000 ALTER TABLE `student` DISABLE KEYS */;
INSERT INTO `student` VALUES (1,3,'sofia','@....',0,'2023-06-24 11:07:13',0,'2023-07-01 16:07:44',_binary '\0',NULL),(2,2,'xcvbnmj<','@gmaill.comm',0,'2023-06-24 11:26:57',0,'2023-06-27 09:10:35',_binary '',NULL),(3,1,'Aftab','aftab@gmail.com',0,'2023-06-27 09:00:57',NULL,NULL,_binary '',NULL),(4,4,'sania','@gmail,,,,cvom',0,'2023-07-02 00:02:00',NULL,NULL,_binary '',NULL),(6,5,'salar','............',0,'2023-07-04 11:30:34',NULL,NULL,_binary '',NULL),(7,1,'saaaalar ','.@gmail.commmm<',0,'2023-07-04 10:18:17',NULL,NULL,_binary '',NULL),(8,1,'Sarrahh','@gmail.commmm>',0,'2023-07-07 08:21:30',0,'2023-07-07 13:59:29',_binary '',1),(9,4,'sania','saniasaaeed@gmail.com',0,'2023-07-07 14:46:38',NULL,NULL,_binary '',3),(10,6,'kashaf','sarwar@gmail.com',0,'2023-07-07 14:54:56',0,'2023-07-07 14:55:04',_binary '\0',7),(11,4,'kashaf','@gmail....commm',0,'2023-07-07 15:41:48',0,'2023-07-10 11:49:04',_binary '',8),(12,2,'xyz','@......',0,'2023-07-10 11:49:04',0,'2023-07-10 12:02:38',_binary '',7),(13,1,'hafsa','@.....mail.comm',0,'2023-07-12 12:46:50',NULL,NULL,_binary '\0',8),(14,2,'nayab','@nayab.com',0,'2023-07-12 12:49:51',NULL,NULL,_binary '',7),(15,2,'sara','@.../',0,'2023-07-13 15:48:33',NULL,NULL,_binary '',1),(16,1,'fvs','dd',0,'2023-07-14 12:52:58',NULL,NULL,_binary '\0',1),(17,10,'hasannnn','@hasan',0,'2023-07-14 14:15:45',NULL,NULL,_binary '\0',3),(18,9,'hoor','',0,'2023-07-14 14:16:22',NULL,NULL,_binary '\0',11),(21,1,'ddxvx','',0,'2023-07-14 16:15:23',NULL,NULL,_binary '',1);
/*!40000 ALTER TABLE `student` ENABLE KEYS */;
UNLOCK TABLES;

--
-- Table structure for table `vocabulary`
--

DROP TABLE IF EXISTS `vocabulary`;
/*!40101 SET @saved_cs_client     = @@character_set_client */;
/*!50503 SET character_set_client = utf8mb4 */;
CREATE TABLE `vocabulary` (
  `Id` int NOT NULL,
  `Word` varchar(50) NOT NULL,
  `Meaning` varchar(50) NOT NULL,
  `Reference` varchar(500) NOT NULL,
  `Sentance` varchar(5000) NOT NULL,
  `Pronunciation` varchar(1000) NOT NULL,
  `Translation` varchar(100) NOT NULL,
  `CreatedBy` int DEFAULT NULL,
  `CreatedOn` datetime DEFAULT NULL,
  `ModifiedBy` int DEFAULT NULL,
  `ModifiedOn` datetime DEFAULT NULL,
  `IsActive` bit(1) DEFAULT NULL
) ENGINE=InnoDB DEFAULT CHARSET=utf8mb4 COLLATE=utf8mb4_0900_ai_ci;
/*!40101 SET character_set_client = @saved_cs_client */;

--
-- Dumping data for table `vocabulary`
--

LOCK TABLES `vocabulary` WRITE;
/*!40000 ALTER TABLE `vocabulary` DISABLE KEYS */;
INSERT INTO `vocabulary` VALUES (1,'xxxxxxyz','Related to','from book Zety pg','this referancwe is for creating a cv','hellowww ','urdu  meaning',0,'2023-06-20 14:36:47',0,'2023-06-20 15:42:25',_binary '\0'),(2,'saniiii','2nd','zxy book','a developer full of error','s a n i','aaassss',0,'2023-06-20 14:57:55',0,'2023-06-20 15:42:51',_binary '\0'),(3,'keera','insect','sania\'s dictionary','kashaf is a keera','k e e r a','zzz',0,'2023-06-20 16:19:04',0,'2023-06-21 12:02:00',_binary ''),(4,'hira','chandni','mama/baba','ppl like to wear hira','h e r a','zxc..',0,'2023-06-21 11:55:12',0,'2023-06-21 11:55:18',_binary '\0'),(5,'saniiii','zxc','book..','this referancwe is for creating a cv','S A  N I','SA ni ya',0,'2023-06-27 15:11:49',NULL,NULL,_binary '');
/*!40000 ALTER TABLE `vocabulary` ENABLE KEYS */;
UNLOCK TABLES;

--
-- Temporary view structure for view `vw_citystudent`
--

DROP TABLE IF EXISTS `vw_citystudent`;
/*!50001 DROP VIEW IF EXISTS `vw_citystudent`*/;
SET @saved_cs_client     = @@character_set_client;
/*!50503 SET character_set_client = utf8mb4 */;
/*!50001 CREATE VIEW `vw_citystudent` AS SELECT 
 1 AS `Id`,
 1 AS `StudentId`,
 1 AS `CityId`,
 1 AS `CreatedOn`,
 1 AS `CreatedBy`,
 1 AS `ModifiedOn`,
 1 AS `ModifiedBy`,
 1 AS `IsActive`,
 1 AS `Student`,
 1 AS `City`*/;
SET character_set_client = @saved_cs_client;

--
-- Temporary view structure for view `vw_student`
--

DROP TABLE IF EXISTS `vw_student`;
/*!50001 DROP VIEW IF EXISTS `vw_student`*/;
SET @saved_cs_client     = @@character_set_client;
/*!50503 SET character_set_client = utf8mb4 */;
/*!50001 CREATE VIEW `vw_student` AS SELECT 
 1 AS `Id`,
 1 AS `CityId`,
 1 AS `TopicId`,
 1 AS `Name`,
 1 AS `Email`,
 1 AS `CreatedOn`,
 1 AS `CreatedBy`,
 1 AS `ModifiedOn`,
 1 AS `ModifiedBy`,
 1 AS `IsActive`,
 1 AS `City`,
 1 AS `Topic`*/;
SET character_set_client = @saved_cs_client;

--
-- Dumping events for database 'lms'
--

--
-- Dumping routines for database 'lms'
--
/*!50003 DROP PROCEDURE IF EXISTS `GetMaxId` */;
/*!50003 SET @saved_cs_client      = @@character_set_client */ ;
/*!50003 SET @saved_cs_results     = @@character_set_results */ ;
/*!50003 SET @saved_col_connection = @@collation_connection */ ;
/*!50003 SET character_set_client  = utf8mb4 */ ;
/*!50003 SET character_set_results = utf8mb4 */ ;
/*!50003 SET collation_connection  = utf8mb4_0900_ai_ci */ ;
/*!50003 SET @saved_sql_mode       = @@sql_mode */ ;
/*!50003 SET sql_mode              = 'STRICT_TRANS_TABLES,NO_ENGINE_SUBSTITUTION' */ ;
DELIMITER ;;
CREATE DEFINER=`root`@`localhost` PROCEDURE `GetMaxId`(IN `prm_TableName` VARCHAR ( 200 ))
BEGIN
	
	SET @QueryStr = 'SELECT COALESCE(MAX(Id), 0) FROM ';
	
	SET @QueryStr = CONCAT( @QueryStr, `prm_TableName` );
	PREPARE stmt1 
	FROM
		@QueryStr;
	EXECUTE stmt1;
	DEALLOCATE PREPARE stmt1;

END ;;
DELIMITER ;
/*!50003 SET sql_mode              = @saved_sql_mode */ ;
/*!50003 SET character_set_client  = @saved_cs_client */ ;
/*!50003 SET character_set_results = @saved_cs_results */ ;
/*!50003 SET collation_connection  = @saved_col_connection */ ;
/*!50003 DROP PROCEDURE IF EXISTS `GetMaxLineId` */;
/*!50003 SET @saved_cs_client      = @@character_set_client */ ;
/*!50003 SET @saved_cs_results     = @@character_set_results */ ;
/*!50003 SET @saved_col_connection = @@collation_connection */ ;
/*!50003 SET character_set_client  = utf8mb4 */ ;
/*!50003 SET character_set_results = utf8mb4 */ ;
/*!50003 SET collation_connection  = utf8mb4_0900_ai_ci */ ;
/*!50003 SET @saved_sql_mode       = @@sql_mode */ ;
/*!50003 SET sql_mode              = 'STRICT_TRANS_TABLES,NO_ENGINE_SUBSTITUTION' */ ;
DELIMITER ;;
CREATE DEFINER=`root`@`localhost` PROCEDURE `GetMaxLineId`(IN `prm_TableName` VARCHAR ( 200 ) ,
								IN `prm_HeaderId` int ,
                                IN `prm_ColumnName` varchar(200))
BEGIN
	
	SET @QueryStr = 'SELECT COALESCE(MAX(Id), 0) FROM ';
	SET @QueryStr = CONCAT( @QueryStr, `prm_TableName` , ' where ' ,`prm_ColumnName`, ' = ' ,`prm_HeaderId` );
	PREPARE stmt1 
	FROM
		@QueryStr;
	EXECUTE stmt1;
	DEALLOCATE PREPARE stmt1;

END ;;
DELIMITER ;
/*!50003 SET sql_mode              = @saved_sql_mode */ ;
/*!50003 SET character_set_client  = @saved_cs_client */ ;
/*!50003 SET character_set_results = @saved_cs_results */ ;
/*!50003 SET collation_connection  = @saved_col_connection */ ;
/*!50003 DROP PROCEDURE IF EXISTS `Get_City` */;
/*!50003 SET @saved_cs_client      = @@character_set_client */ ;
/*!50003 SET @saved_cs_results     = @@character_set_results */ ;
/*!50003 SET @saved_col_connection = @@collation_connection */ ;
/*!50003 SET character_set_client  = utf8mb4 */ ;
/*!50003 SET character_set_results = utf8mb4 */ ;
/*!50003 SET collation_connection  = utf8mb4_0900_ai_ci */ ;
/*!50003 SET @saved_sql_mode       = @@sql_mode */ ;
/*!50003 SET sql_mode              = 'STRICT_TRANS_TABLES,NO_ENGINE_SUBSTITUTION' */ ;
DELIMITER ;;
CREATE DEFINER=`root`@`localhost` PROCEDURE `Get_City`(prm_WhereClause VARCHAR ( 2000 ))
BEGIN
 set @queryStr= "select * from `City`";
 set @queryStr= concat(@queryStr, prm_WhereClause);
 prepare stm1
 from @queryStr;
 execute stm1;
 deallocate prepare stm1;
END ;;
DELIMITER ;
/*!50003 SET sql_mode              = @saved_sql_mode */ ;
/*!50003 SET character_set_client  = @saved_cs_client */ ;
/*!50003 SET character_set_results = @saved_cs_results */ ;
/*!50003 SET collation_connection  = @saved_col_connection */ ;
/*!50003 DROP PROCEDURE IF EXISTS `Get_Vocabulary` */;
/*!50003 SET @saved_cs_client      = @@character_set_client */ ;
/*!50003 SET @saved_cs_results     = @@character_set_results */ ;
/*!50003 SET @saved_col_connection = @@collation_connection */ ;
/*!50003 SET character_set_client  = utf8mb4 */ ;
/*!50003 SET character_set_results = utf8mb4 */ ;
/*!50003 SET collation_connection  = utf8mb4_0900_ai_ci */ ;
/*!50003 SET @saved_sql_mode       = @@sql_mode */ ;
/*!50003 SET sql_mode              = 'STRICT_TRANS_TABLES,NO_ENGINE_SUBSTITUTION' */ ;
DELIMITER ;;
CREATE DEFINER=`root`@`localhost` PROCEDURE `Get_Vocabulary`(prm_WhereClause VARCHAR ( 2000 ))
BEGIN 

	

		BEGIN

			DECLARE

				offsetVal INT DEFAULT 0;

			

			SET @QueryStr = "SELECT Count(vcb.Id) INTO @TotalRecords
													FROM Vocabulary as vcb
													";

			

			SET @QueryStr = CONCAT( @QueryStr, prm_WhereClause );

			PREPARE stmt1 

			FROM

				@QueryStr;

			EXECUTE stmt1;

			DEALLOCATE PREPARE stmt1;


					

					

	SET @QueryStr = "SELECT 	
    vcb.Id AS Id, 
		vcb.Word, 
        vcb.Meaning, 
        vcb.Reference,
         vcb.Sentance,
         vcb.Pronunciation,
         vcb.Translation,
       vcb.CreatedOn,
		-- Func_Get_FullName(crs.CreatedBy) As CreatedName,
        vcb.CreatedBy,
		vcb.ModifiedOn,
		-- Func_Get_FullName(crs.ModifiedBy) As ModifiedName,
        vcb.ModifiedBy,
		vcb.IsActive
FROM
		Vocabulary AS vcb;
";

			
			SET @QueryStr = CONCAT( @QueryStr, prm_WhereClause );

			PREPARE stmt1 

			FROM

				@QueryStr;

			EXECUTE stmt1;

			DEALLOCATE PREPARE stmt1;

			SELECT

				@querystr;

		END;


END ;;
DELIMITER ;
/*!50003 SET sql_mode              = @saved_sql_mode */ ;
/*!50003 SET character_set_client  = @saved_cs_client */ ;
/*!50003 SET character_set_results = @saved_cs_results */ ;
/*!50003 SET collation_connection  = @saved_col_connection */ ;
/*!50003 DROP PROCEDURE IF EXISTS `ManageCityStudent` */;
/*!50003 SET @saved_cs_client      = @@character_set_client */ ;
/*!50003 SET @saved_cs_results     = @@character_set_results */ ;
/*!50003 SET @saved_col_connection = @@collation_connection */ ;
/*!50003 SET character_set_client  = utf8mb4 */ ;
/*!50003 SET character_set_results = utf8mb4 */ ;
/*!50003 SET collation_connection  = utf8mb4_0900_ai_ci */ ;
/*!50003 SET @saved_sql_mode       = @@sql_mode */ ;
/*!50003 SET sql_mode              = 'STRICT_TRANS_TABLES,NO_ENGINE_SUBSTITUTION' */ ;
DELIMITER ;;
CREATE DEFINER=`root`@`localhost` PROCEDURE `ManageCityStudent`(
		in id int,
     
       in cityId int,
        in studentId int,
        in createdOn datetime,
        in createdBy int,
        in modifiedOn datetime,
        in modifiedBy int,
        in isActive bit,
        in DBoperation varchar(50)
        )
BEGIN
if DBoperation = 'Insert'
then
           insert into  CityStudent (Id,CityId,StudentId, CreatedOn, CreatedBy,
           ModifiedOn, ModifiedBy, IsActive ) 
           values (id,cityId,studentId, createdOn, createdBy, modifiedOn,
           modifiedBy, isActive );
 end if;   

 if DBoperation ='Update'
 then
            update  CityStudent set 
                         CityId = cityId,
                          StudentId=studentId,
                          CreatedOn=createdOn,
                          CreatedBy=createdBy,
                          ModifiedOn=modifiedOn,
                          ModifiedBy=modifiedBy,
						  IsActive=isActive						 
             where   CityStudent.Id =id;
   end if;
   IF DBoperation = 'Delete'
    then
            delete from CityStudent
			where
			 CityStudent.Id=id ; 
        END if;
IF DBoperation = 'Activate'
        then
            update   CityStudent set IsActive=1
			where 
			 Lecture.Id=id ;
        END if;
IF DBoperation = 'DeActivate'
        then
            update  CityStudent set IsActive=0
			where
			 CityStudent.Id=id; 
        END if;
END ;;
DELIMITER ;
/*!50003 SET sql_mode              = @saved_sql_mode */ ;
/*!50003 SET character_set_client  = @saved_cs_client */ ;
/*!50003 SET character_set_results = @saved_cs_results */ ;
/*!50003 SET collation_connection  = @saved_col_connection */ ;
/*!50003 DROP PROCEDURE IF EXISTS `ManageClassTiming` */;
/*!50003 SET @saved_cs_client      = @@character_set_client */ ;
/*!50003 SET @saved_cs_results     = @@character_set_results */ ;
/*!50003 SET @saved_col_connection = @@collation_connection */ ;
/*!50003 SET character_set_client  = utf8mb4 */ ;
/*!50003 SET character_set_results = utf8mb4 */ ;
/*!50003 SET collation_connection  = utf8mb4_0900_ai_ci */ ;
/*!50003 SET @saved_sql_mode       = @@sql_mode */ ;
/*!50003 SET sql_mode              = 'STRICT_TRANS_TABLES,NO_ENGINE_SUBSTITUTION' */ ;
DELIMITER ;;
CREATE DEFINER=`root`@`localhost` PROCEDURE `ManageClassTiming`(in id int,
        in schId int,
		in weekDayId int,
        in timeFrom varchar(200),
		in timeTo varchar(200),
        in createdOn datetime,
        in createdById int,
        in modifiedOn datetime,
        in modifiedById int,
        in isActive bit,
        in DBoperation varchar(50)
        )
BEGIN
if DBoperation = 'Insert'
then
           insert into classtiming (Id,schId,WeekDayId,TimeFrom,TimeTo, CreatedOn, CreatedById, ModifiedOn, ModifiedById, IsActive ) 
           values 
           (id,schId,weekDayId,timeFrom,timeTo, createdOn, createdById, modifiedOn, modifiedById, isActive );
 end if;   
 if DBoperation ='Update'
       then     
          update classtiming set  
						 
                          weekDayId=weekDayId,
                          TimeFrom=timeFrom,
                          TimeTo=timeTo,
                          CreatedOn = createdOn,
                          CreatedById =createdById,
                          ModifiedOn = modifiedOn,
                          ModifiedById = modifiedById ,
						  IsActive = isActive 				 
             where classtiming.Id =id and classtiming.schId=schId;
      end if;
IF DBoperation = 'Delete'
       then
            delete from classtiming
			 where classtiming.Id =id and classtiming.schId=schId;
        END if;
IF DBoperation = 'Activate'
        then
            update classtiming set IsActive=1
			 where classtiming.Id =id and classtiming.schId=schId;
        END if;
IF DBoperation = 'DeActivate'
        then
            update classtiming set IsActive=0
			 where classtiming.Id =id and classtiming.schId=schId;
        END if;
END ;;
DELIMITER ;
/*!50003 SET sql_mode              = @saved_sql_mode */ ;
/*!50003 SET character_set_client  = @saved_cs_client */ ;
/*!50003 SET character_set_results = @saved_cs_results */ ;
/*!50003 SET collation_connection  = @saved_col_connection */ ;
/*!50003 DROP PROCEDURE IF EXISTS `ManageCourse` */;
/*!50003 SET @saved_cs_client      = @@character_set_client */ ;
/*!50003 SET @saved_cs_results     = @@character_set_results */ ;
/*!50003 SET @saved_col_connection = @@collation_connection */ ;
/*!50003 SET character_set_client  = utf8mb4 */ ;
/*!50003 SET character_set_results = utf8mb4 */ ;
/*!50003 SET collation_connection  = utf8mb4_0900_ai_ci */ ;
/*!50003 SET @saved_sql_mode       = @@sql_mode */ ;
/*!50003 SET sql_mode              = 'STRICT_TRANS_TABLES,NO_ENGINE_SUBSTITUTION' */ ;
DELIMITER ;;
CREATE DEFINER=`root`@`localhost` PROCEDURE `ManageCourse`(in id int,
        in title varchar(200),
		in shortDescription text,
        in logoBase64Path LONGTEXT,
        in fee double,
        in createdOn datetime,
        in createdById int,
        in modifiedOn datetime,
        in modifiedById int,
        in isActive bit,
        in DBoperation varchar(50)
        )
BEGIN
if DBoperation = 'Insert'
then
           insert into   course (Id,Title,ShortDescription,LogoBase64Path,Fee, CreatedOn, CreatedById,
           ModifiedOn, ModifiedById, IsActive ) 
           values (id,title,shortDescription,logoBase64Path,fee, createdOn, createdById, modifiedOn,
           modifiedById, isActive );
 end if;   
/*update*/
 if DBoperation ='Update'
 then
            update   course set 
                          Title=title,
                          ShortDescription=shortDescription,
                          LogoBase64Path=logoBase64Path,
                          Fee=fee,
                          CreatedOn=createdOn,
                          CreatedById=createdById,
                          ModifiedOn=modifiedOn,
                          ModifiedById=modifiedById,
						  IsActive=isActive						 
             where   course.Id =id;
   end if;
   IF DBoperation = 'Delete'
    then
            delete from   course
			where
			  course.Id=id ; 
        END if;
IF DBoperation = 'Activate'
        then
            update   course set IsActive=1
			where 
			  course.Id=id ;
        END if;
IF DBoperation = 'DeActivate'
        then
            update   course set IsActive=0
			where
			  course.Id=id; 
        END if;
END ;;
DELIMITER ;
/*!50003 SET sql_mode              = @saved_sql_mode */ ;
/*!50003 SET character_set_client  = @saved_cs_client */ ;
/*!50003 SET character_set_results = @saved_cs_results */ ;
/*!50003 SET collation_connection  = @saved_col_connection */ ;
/*!50003 DROP PROCEDURE IF EXISTS `ManageCourseDetail` */;
/*!50003 SET @saved_cs_client      = @@character_set_client */ ;
/*!50003 SET @saved_cs_results     = @@character_set_results */ ;
/*!50003 SET @saved_col_connection = @@collation_connection */ ;
/*!50003 SET character_set_client  = utf8mb4 */ ;
/*!50003 SET character_set_results = utf8mb4 */ ;
/*!50003 SET collation_connection  = utf8mb4_0900_ai_ci */ ;
/*!50003 SET @saved_sql_mode       = @@sql_mode */ ;
/*!50003 SET sql_mode              = 'STRICT_TRANS_TABLES,NO_ENGINE_SUBSTITUTION' */ ;
DELIMITER ;;
CREATE DEFINER=`root`@`localhost` PROCEDURE `ManageCourseDetail`(in id int,
        in projectTitle varchar(200),
		in projectLogoBase64Path varchar(200),
        in projectKeyPoints varchar(200),
        in reasonToJoin varchar(200),
		in courseCurriculum varchar(200),
		in iconBase64Path text,
        in title varchar(200),
		in shortDetail text,
        in createdOn datetime,
        in createdById int,
        in modifiedOn datetime,
        in modifiedById int,
        in isActive bit,
        in DBoperation varchar(50)
        )
BEGIN
if DBoperation = 'Insert'
then
           insert into   coursedetail (Id,ProjectTitle,ProjectLogoBase64Path,ProjectKeyPoints,ReasonToJoin,CourseCurriculum,
           IconBase64Path,Title,ShortDetail,CreatedOn, CreatedById,
           ModifiedOn, ModifiedById, IsActive ) 
           values (id,projectTitle,projectLogoBase64Path,projectKeyPoints,reasonToJoin,courseCurriculum, 
           iconBase64Path,title,shortDetail,createdOn, createdById, modifiedOn,
           modifiedById, isActive );
 end if;   
/*update*/
 if DBoperation ='Update'
 then
            update   coursedetail set 
                          ProjectTitle=projectTitle,
                          ProjectLogoBase64Path=projectLogoBase64Path,
                          ProjectKeyPoints=projectKeyPoints,
                          ReasonToJoin=reasonToJoin,
                          CourseCurriculum=courseCurriculum,
                          IconBase64Path=iconBase64Path,
                          Title=title,
                          ShortDetail=shortDetail,
                          CreatedOn=createdOn,
                          CreatedById=createdById,
                          ModifiedOn=modifiedOn,
                          ModifiedById=modifiedById,
						  IsActive=isActive						 
             where   coursedetail.Id =id;
   end if;
   IF DBoperation = 'Delete'
    then
            delete from   coursedetail
			where
			  coursedetail.Id=id ; 
        END if;
IF DBoperation = 'Activate'
        then
            update   coursedetail set IsActive=1
			where 
			  coursedetail.Id=id ;
        END if;
IF DBoperation = 'DeActivate'
        then
            update   coursedetail set IsActive=0
			where
			  coursedetail.Id=id; 
        END if;
END ;;
DELIMITER ;
/*!50003 SET sql_mode              = @saved_sql_mode */ ;
/*!50003 SET character_set_client  = @saved_cs_client */ ;
/*!50003 SET character_set_results = @saved_cs_results */ ;
/*!50003 SET collation_connection  = @saved_col_connection */ ;
/*!50003 DROP PROCEDURE IF EXISTS `ManageInquiry` */;
/*!50003 SET @saved_cs_client      = @@character_set_client */ ;
/*!50003 SET @saved_cs_results     = @@character_set_results */ ;
/*!50003 SET @saved_col_connection = @@collation_connection */ ;
/*!50003 SET character_set_client  = utf8mb4 */ ;
/*!50003 SET character_set_results = utf8mb4 */ ;
/*!50003 SET collation_connection  = utf8mb4_0900_ai_ci */ ;
/*!50003 SET @saved_sql_mode       = @@sql_mode */ ;
/*!50003 SET sql_mode              = 'STRICT_TRANS_TABLES,NO_ENGINE_SUBSTITUTION' */ ;
DELIMITER ;;
CREATE DEFINER=`root`@`localhost` PROCEDURE `ManageInquiry`(in id int,
        in name varchar(50),
        in cell varchar(50),
        in servicesId int,
        in email varchar(500),
        in comments longtext,
        in createdOn datetime,
        in createdById int,
        in modifiedOn datetime,
        in modifiedById int,
        in isActive bit,
        in DBoperation varchar(50)
        )
BEGIN
if DBoperation = 'Insert'
then
    
           insert into lms.inquiry (Id,Name,Cell,ServicesId,Email,Comments, CreatedOn, CreatedById,
           ModifiedOn, ModifiedById, IsActive ) 
           values (id,name,cell,servicesId,email,comments, createdOn, createdById, modifiedOn,
           modifiedById, isActive );
 end if;   
/*update*/
 if DBoperation ='Update'
 then
            update lms.inquiry set 
                          Name=name,
                          Cell=cell,
                          ServicesId=servicesId,
                          Email=email,
                          Comments=comments,
                          CreatedOn=createdOn,
                          CreatedById=createdById,
                          ModifiedOn=modifiedOn,
                          ModifiedById=modifiedById,
						  IsActive=isActive						 
             where lms.inquiry.Id =id;
   end if;
    IF DBoperation = 'Delete'
    then
            delete from   lms.inquiry
			where
			  lms.inquiry.Id=id ; 
        END if;
IF DBoperation = 'Activate'
        then
            update   lms.inquiry set IsActive=1
			where 
			  lms.inquiry.Id=id ;
        END if;
IF DBoperation = 'DeActivate'
        then
            update   lms.inquiry set IsActive=0
			where
			  lms.inquiry.Id=id; 
        END if;
END ;;
DELIMITER ;
/*!50003 SET sql_mode              = @saved_sql_mode */ ;
/*!50003 SET character_set_client  = @saved_cs_client */ ;
/*!50003 SET character_set_results = @saved_cs_results */ ;
/*!50003 SET collation_connection  = @saved_col_connection */ ;
/*!50003 DROP PROCEDURE IF EXISTS `ManageSchedule` */;
/*!50003 SET @saved_cs_client      = @@character_set_client */ ;
/*!50003 SET @saved_cs_results     = @@character_set_results */ ;
/*!50003 SET @saved_col_connection = @@collation_connection */ ;
/*!50003 SET character_set_client  = utf8mb4 */ ;
/*!50003 SET character_set_results = utf8mb4 */ ;
/*!50003 SET collation_connection  = utf8mb4_0900_ai_ci */ ;
/*!50003 SET @saved_sql_mode       = @@sql_mode */ ;
/*!50003 SET sql_mode              = 'STRICT_TRANS_TABLES,NO_ENGINE_SUBSTITUTION' */ ;
DELIMITER ;;
CREATE DEFINER=`root`@`localhost` PROCEDURE `ManageSchedule`(in id int,
        in courseId int,
		in orientationClass datetime,
        in startDate datetime,
        in description text,
		in logoBase64Path longtext,
        in createdOn datetime,
        in createdById int,
        in modifiedOn datetime,
        in modifiedById int,
        in isActive bit,
        in DBoperation varchar(50)
        )
BEGIN
if DBoperation = 'Insert'
then
           insert into   schedule (Id,CourseId,OrientationClass,StartDate,Description,LogoBase64Path, CreatedOn, CreatedById,
           ModifiedOn, ModifiedById, IsActive ) 
           values (id,courseId,orientationClass,startDate,description,logoBase64Path, createdOn, createdById, modifiedOn,
           modifiedById, isActive );
 end if;   
/*update*/
 if DBoperation ='Update'
 then
            update   schedule set 
                          CourseId=courseId,
                          OrientationClass=orientationClass,
                          StartDate=startDate,
                          Description=description,
                          LogoBase64Path=logoBase64Path,
                          CreatedOn=createdOn,
                          CreatedById=createdById,
                          ModifiedOn=modifiedOn,
                          ModifiedById=modifiedById,
						  IsActive=isActive						 
             where   schedule.Id =id;
   end if;
   IF DBoperation = 'Delete'
    then
			delete from classtiming where classtiming.SchId=id;
            delete from   schedule
			where
			  schedule.Id=id ; 
        END if;
IF DBoperation = 'Activate'
        then
            update   schedule set IsActive=1
			where 
			  schedule.Id=id ;
        END if;
IF DBoperation = 'DeActivate'
        then
            update   schedule set IsActive=0
			where
			  schedule.Id=id; 
        END if;
END ;;
DELIMITER ;
/*!50003 SET sql_mode              = @saved_sql_mode */ ;
/*!50003 SET character_set_client  = @saved_cs_client */ ;
/*!50003 SET character_set_results = @saved_cs_results */ ;
/*!50003 SET collation_connection  = @saved_col_connection */ ;
/*!50003 DROP PROCEDURE IF EXISTS `ManageSettings` */;
/*!50003 SET @saved_cs_client      = @@character_set_client */ ;
/*!50003 SET @saved_cs_results     = @@character_set_results */ ;
/*!50003 SET @saved_col_connection = @@collation_connection */ ;
/*!50003 SET character_set_client  = utf8mb4 */ ;
/*!50003 SET character_set_results = utf8mb4 */ ;
/*!50003 SET collation_connection  = utf8mb4_0900_ai_ci */ ;
/*!50003 SET @saved_sql_mode       = @@sql_mode */ ;
/*!50003 SET sql_mode              = 'STRICT_TRANS_TABLES,NO_ENGINE_SUBSTITUTION' */ ;
DELIMITER ;;
CREATE DEFINER=`root`@`localhost` PROCEDURE `ManageSettings`(in id int,
        in enumTypeId int,
        in parentId int,
        in uploadStatus bit,
        in keyCode varchar(2000),
        in isSystemDefined bit,
        in name varchar(500),
        in description varchar(5000),
        in createdOn datetime,
        in createdById int,
        in modifiedOn datetime,
        in modifiedById int,
        in isActive bit,
        in DBoperation varchar(50)
        )
BEGIN
if DBoperation = 'Insert'
then
    
           insert into enumline (Id,KeyCode,IsSystemDefined,UploadStatus,EnumTypeId,ParentId,Name,Description, CreatedOn, CreatedById,
           ModifiedOn, ModifiedById, IsActive ) 
           values (id,keyCode,isSystemDefined,uploadStatus,enumTypeId,parentId,name,description, createdOn, createdById, modifiedOn,
           modifiedById, isActive );
 end if;   
/*update*/
if DBoperation ='Update'
 then
            update enumline set 
            KeyCode=keyCode,
            IsSystemDefined=isSystemDefined,
            UploadStatus=uploadStatus,
						  EnumTypeId=enumTypeId,
                          ParentId=parentId,
                          Name=name,
                          Description=description,
                          CreatedOn=createdOn,
                          CreatedById=createdById,
                          ModifiedOn=modifiedOn,
                          ModifiedById=modifiedById,
						  IsActive=isActive						 
             where enumline.Id =id;
   end if;
IF DBoperation = 'Delete'
    then
            delete from enumline
			where
			enumline.Id=id ; 
        END if;
IF DBoperation = 'Activate'
        then
            update enumline set IsActive=1
			where 
			enumline.Id=id ;
        END if;
IF DBoperation = 'DeActivate'
        then
            update enumline set IsActive=0
			where
			enumline.Id=id;            
        END if;
END ;;
DELIMITER ;
/*!50003 SET sql_mode              = @saved_sql_mode */ ;
/*!50003 SET character_set_client  = @saved_cs_client */ ;
/*!50003 SET character_set_results = @saved_cs_results */ ;
/*!50003 SET collation_connection  = @saved_col_connection */ ;
/*!50003 DROP PROCEDURE IF EXISTS `ManageSettingsType` */;
/*!50003 SET @saved_cs_client      = @@character_set_client */ ;
/*!50003 SET @saved_cs_results     = @@character_set_results */ ;
/*!50003 SET @saved_col_connection = @@collation_connection */ ;
/*!50003 SET character_set_client  = utf8mb4 */ ;
/*!50003 SET character_set_results = utf8mb4 */ ;
/*!50003 SET collation_connection  = utf8mb4_0900_ai_ci */ ;
/*!50003 SET @saved_sql_mode       = @@sql_mode */ ;
/*!50003 SET sql_mode              = 'STRICT_TRANS_TABLES,NO_ENGINE_SUBSTITUTION' */ ;
DELIMITER ;;
CREATE DEFINER=`root`@`localhost` PROCEDURE `ManageSettingsType`(in id int,
        in parentId int,
        in name varchar(500),
		in keyCode varchar(2000),
        in isSystemDefined bit,
         in uploadStatus bit,
        in description varchar(5000),
        in createdOn datetime,
        in createdById int,
        in modifiedOn datetime,
        in modifiedById int,
        in isActive bit,
        in DBoperation varchar(50)
        )
BEGIN
if DBoperation = 'Insert'
then
    
           insert into enums (Id,KeyCode,IsSystemDefined,UploadStatus,ParentId,Name,Description, CreatedOn, CreatedById,
           ModifiedOn, ModifiedById, IsActive ) 
           values (id,keyCode,isSystemDefined,uploadStatus,parentId,name,description, createdOn, createdById, modifiedOn,
           modifiedById, isActive );
 end if;   
/*update*/
 if DBoperation ='Update'
 then
            update enums set 
                          KeyCode=keyCode,
						UploadStatus=uploadStatus,
                          IsSystemDefined=isSystemDefined,
                          ParentId=parentId,
                          Name=name,
                          Description=description,
                          CreatedOn=createdOn,
                          CreatedById=createdById,
                          ModifiedOn=modifiedOn,
                          ModifiedById=modifiedById,
						  IsActive=isActive						 
             where enums.Id =id;
   end if;
   IF DBoperation = 'Delete'
    then
            delete from enums
			where
			enums.Id=id ; 
        END if;
IF DBoperation = 'Activate'
        then
            update enums set IsActive=1
			where 
			enums.Id=id ;
        END if;
IF DBoperation = 'DeActivate'
        then
            update enums set IsActive=0
			where
			enums.Id=id; 
        END if;
END ;;
DELIMITER ;
/*!50003 SET sql_mode              = @saved_sql_mode */ ;
/*!50003 SET character_set_client  = @saved_cs_client */ ;
/*!50003 SET character_set_results = @saved_cs_results */ ;
/*!50003 SET collation_connection  = @saved_col_connection */ ;
/*!50003 DROP PROCEDURE IF EXISTS `ManageTopic` */;
/*!50003 SET @saved_cs_client      = @@character_set_client */ ;
/*!50003 SET @saved_cs_results     = @@character_set_results */ ;
/*!50003 SET @saved_col_connection = @@collation_connection */ ;
/*!50003 SET character_set_client  = utf8mb4 */ ;
/*!50003 SET character_set_results = utf8mb4 */ ;
/*!50003 SET collation_connection  = utf8mb4_0900_ai_ci */ ;
/*!50003 SET @saved_sql_mode       = @@sql_mode */ ;
/*!50003 SET sql_mode              = 'STRICT_TRANS_TABLES,NO_ENGINE_SUBSTITUTION' */ ;
DELIMITER ;;
CREATE DEFINER=`root`@`localhost` PROCEDURE `ManageTopic`(
in id int,
in topicTitle varchar(200),

in courseId int,
in description varchar(1000),

in createdOn datetime,
in createdById int,
in modifiedOn datetime,
in modifiedById int,
in isActive bool,
in DbOperation varchar(200))
BEGIN

if DbOperation='Insert'
then 
 insert into topic (Id, CourseId, TopicTitle,Description,CreatedOn,CreatedById,ModifiedOn,ModifiedById,IsActive ) 
 values(id,courseId, topicTitle,description,createdOn,createdById,modifiedOn,modifiedById,isActive );
end If;

if DbOperation='Update'
then 
update topic set 
 TopicTitle=topicTitle,
 CourseId=courseId,
 Description=description,
 CreatedOn=createdOn,
 CreatedById=createdById,
 ModifiedOn=modifiedOn,
 ModifiedById=modifiedById,
 IsActive=isActive
 where topic.Id= id;
end If;

if DbOperation='Delete'
then
DELETE FROM topic where topic.Id=id;
end if;

if DbOperation='Activate'
then 
update topic set IsActive=1 where topic.Id=id;
end iF;

if DbOperation='DeActivate'
then 
update topic set IsActive=0 where topic.Id=id;
end iF;

END ;;
DELIMITER ;
/*!50003 SET sql_mode              = @saved_sql_mode */ ;
/*!50003 SET character_set_client  = @saved_cs_client */ ;
/*!50003 SET character_set_results = @saved_cs_results */ ;
/*!50003 SET collation_connection  = @saved_col_connection */ ;
/*!50003 DROP PROCEDURE IF EXISTS `ManageUser` */;
/*!50003 SET @saved_cs_client      = @@character_set_client */ ;
/*!50003 SET @saved_cs_results     = @@character_set_results */ ;
/*!50003 SET @saved_col_connection = @@collation_connection */ ;
/*!50003 SET character_set_client  = utf8mb4 */ ;
/*!50003 SET character_set_results = utf8mb4 */ ;
/*!50003 SET collation_connection  = utf8mb4_0900_ai_ci */ ;
/*!50003 SET @saved_sql_mode       = @@sql_mode */ ;
/*!50003 SET sql_mode              = 'STRICT_TRANS_TABLES,NO_ENGINE_SUBSTITUTION' */ ;
DELIMITER ;;
CREATE DEFINER=`root`@`localhost` PROCEDURE `ManageUser`(in id int,
		in email varchar(200),
        in password varchar(200),
		in rememberMe bool,
        in createdOn datetime,
        in createdById int,
        in modifiedOn datetime,
        in modifiedById int,
        in isActive bit,
        in DBoperation varchar(50)
        )
BEGIN
if DBoperation = 'Insert'
then
           insert into   user (Id,Email,Password,RememberMe, CreatedOn, CreatedById,
           ModifiedOn, ModifiedById, IsActive ) 
           values (id,email,password,rememberMe, createdOn, createdById, modifiedOn,
           modifiedById, isActive );
 end if;   
/*update*/
 if DBoperation ='Update'
 then
            update   user set 
                          Email=email,
                          Password=password,
                          RememberMe=rememberMe,
                          CreatedOn=createdOn,
                          CreatedById=createdById,
                          ModifiedOn=modifiedOn,
                          ModifiedById=modifiedById,
						  IsActive=isActive						 
             where   user.Id =id;
   end if;
   IF DBoperation = 'Delete'
    then
            delete from   user
			where
			  user.Id=id ; 
        END if;
IF DBoperation = 'Activate'
        then
            update   user set IsActive=1
			where 
			  user.Id=id ;
        END if;
IF DBoperation = 'DeActivate'
        then
            update   user set IsActive=0
			where
			  user.Id=id; 
        END if;
END ;;
DELIMITER ;
/*!50003 SET sql_mode              = @saved_sql_mode */ ;
/*!50003 SET character_set_client  = @saved_cs_client */ ;
/*!50003 SET character_set_results = @saved_cs_results */ ;
/*!50003 SET collation_connection  = @saved_col_connection */ ;
/*!50003 DROP PROCEDURE IF EXISTS `Manage_City` */;
/*!50003 SET @saved_cs_client      = @@character_set_client */ ;
/*!50003 SET @saved_cs_results     = @@character_set_results */ ;
/*!50003 SET @saved_col_connection = @@collation_connection */ ;
/*!50003 SET character_set_client  = utf8mb4 */ ;
/*!50003 SET character_set_results = utf8mb4 */ ;
/*!50003 SET collation_connection  = utf8mb4_0900_ai_ci */ ;
/*!50003 SET @saved_sql_mode       = @@sql_mode */ ;
/*!50003 SET sql_mode              = 'STRICT_TRANS_TABLES,NO_ENGINE_SUBSTITUTION' */ ;
DELIMITER ;;
CREATE DEFINER=`root`@`localhost` PROCEDURE `Manage_City`( In prm_Filter varchar (50),
In prm_Id int ,
  In prm_Name  Varchar(50),
 IN prm_CreatedBy INT,
  IN prm_CreatedOn datetime ( 0 ),
  IN prm_ModifiedBy INT,
  IN prm_ModifiedOn datetime ( 0 ),
  In prm_IsActive bit ( 1 )
  
 -- OUT prm_RetVal INT
 )
BEGIN

	

	-- SET prm_RetVal =- 1;

	IF

		( prm_Filter = 'Insert' ) THEN

		BEGIN

			insert into City (Id, Name,CreatedBy, CreatedOn, IsActive) 
			values (prm_Id, prm_Name, prm_CreatedBy, prm_CreatedOn, prm_IsActive );

			-- SET prm_RetVal = LAST_INSERT_ID();

		END;

		ELSE

		IF

			( prm_Filter = 'Update' ) THEN

			BEGIN

				Update City
				Set 
				Name = prm_Name,
              ModifiedBy = prm_ModifiedBy,
				ModifiedOn = prm_ModifiedOn,
				IsActive = prm_IsActive
				Where Id = prm_Id;

				-- SET prm_RetVal = prm_Id;

			END;

			ELSE

			IF

				( prm_Filter = 'Delete' ) THEN

				BEGIN

					DELETE FROM `City` 
					WHERE Id = prm_Id;

					-- SET prm_RetVal = prm_Id;

				END;

				ELSE

				IF

					( prm_Filter = 'Disable' ) THEN

					BEGIN

							UPDATE `City` 

							SET IsActive = 0,

							ModifiedBy = prm_ModifiedBy,

							ModifiedOn = prm_ModifiedOn 

						WHERE

							Id = prm_Id;

					-- 	SET prm_RetVal = prm_Id;

					END;

				END IF;

			END IF;

		END IF;

	END IF;

END ;;
DELIMITER ;
/*!50003 SET sql_mode              = @saved_sql_mode */ ;
/*!50003 SET character_set_client  = @saved_cs_client */ ;
/*!50003 SET character_set_results = @saved_cs_results */ ;
/*!50003 SET collation_connection  = @saved_col_connection */ ;
/*!50003 DROP PROCEDURE IF EXISTS `Manage_Student` */;
/*!50003 SET @saved_cs_client      = @@character_set_client */ ;
/*!50003 SET @saved_cs_results     = @@character_set_results */ ;
/*!50003 SET @saved_col_connection = @@collation_connection */ ;
/*!50003 SET character_set_client  = utf8mb4 */ ;
/*!50003 SET character_set_results = utf8mb4 */ ;
/*!50003 SET collation_connection  = utf8mb4_0900_ai_ci */ ;
/*!50003 SET @saved_sql_mode       = @@sql_mode */ ;
/*!50003 SET sql_mode              = 'STRICT_TRANS_TABLES,NO_ENGINE_SUBSTITUTION' */ ;
DELIMITER ;;
CREATE DEFINER=`root`@`localhost` PROCEDURE `Manage_Student`( In prm_Filter varchar (50),
In prm_Id int ,
  In prm_CityId  int,
  In prm_TopicId  int,
 In prm_Name  Varchar(50),
  In prm_Email  Varchar(50),
  IN prm_CreatedBy INT,
  IN prm_CreatedOn datetime ( 0 ),
  IN prm_ModifiedBy INT,
  IN prm_ModifiedOn datetime ( 0 ),
  In prm_IsActive bit ( 1 )
  
 -- OUT prm_RetVal INT
 )
BEGIN

	

	-- SET prm_RetVal =- 1;

	IF

		( prm_Filter = 'Insert' ) THEN

		BEGIN

			insert into Student (Id, CityId,TopicId,  Name, Email, CreatedBy, CreatedOn, IsActive) 
			values (prm_Id, prm_CityId,prm_TopicId, prm_Name, prm_Email, prm_CreatedBy, prm_CreatedOn, prm_IsActive );

			-- SET prm_RetVal = LAST_INSERT_ID();

		END;

		ELSE

		IF

			( prm_Filter = 'Update' ) THEN

			BEGIN

				Update Student
				Set 
                	CityId = prm_CityId,
            TopicId = prm_TopicId,
				Name = prm_Name,
               Email = prm_Email,
              ModifiedBy = prm_ModifiedBy,
				ModifiedOn = prm_ModifiedOn,
				IsActive = prm_IsActive
				Where Id = prm_Id;

				-- SET prm_RetVal = prm_Id;

			END;

			ELSE

			IF

				( prm_Filter = 'Delete' ) THEN

				BEGIN

					DELETE FROM `Student` 
					WHERE Id = prm_Id;

					-- SET prm_RetVal = prm_Id;

				END;

				ELSE

				IF

					( prm_Filter = 'Disable' ) THEN

					BEGIN

							UPDATE `Student` 

							SET IsActive = 0,

							ModifiedBy = prm_ModifiedBy,

							ModifiedOn = prm_ModifiedOn 

						WHERE

							Id = prm_Id;

					-- 	SET prm_RetVal = prm_Id;

					END;

				END IF;

			END IF;

		END IF;

	END IF;

END ;;
DELIMITER ;
/*!50003 SET sql_mode              = @saved_sql_mode */ ;
/*!50003 SET character_set_client  = @saved_cs_client */ ;
/*!50003 SET character_set_results = @saved_cs_results */ ;
/*!50003 SET collation_connection  = @saved_col_connection */ ;
/*!50003 DROP PROCEDURE IF EXISTS `Manage_Vocabulary` */;
/*!50003 SET @saved_cs_client      = @@character_set_client */ ;
/*!50003 SET @saved_cs_results     = @@character_set_results */ ;
/*!50003 SET @saved_col_connection = @@collation_connection */ ;
/*!50003 SET character_set_client  = utf8mb4 */ ;
/*!50003 SET character_set_results = utf8mb4 */ ;
/*!50003 SET collation_connection  = utf8mb4_0900_ai_ci */ ;
/*!50003 SET @saved_sql_mode       = @@sql_mode */ ;
/*!50003 SET sql_mode              = 'STRICT_TRANS_TABLES,NO_ENGINE_SUBSTITUTION' */ ;
DELIMITER ;;
CREATE DEFINER=`root`@`localhost` PROCEDURE `Manage_Vocabulary`( In prm_Filter varchar (50),
In prm_Id int ,
  In prm_Word  Varchar(50),
  In prm_Meaning Varchar(50) ,
  In prm_Reference  Varchar(500),
  In prm_Sentance Varchar(5000) ,
  In prm_Pronunciation  Varchar(1000),
  In prm_Translation Varchar(100) ,
  IN prm_CreatedBy INT,
  IN prm_CreatedOn datetime ( 0 ),
  IN prm_ModifiedBy INT,
  IN prm_ModifiedOn datetime ( 0 ),
  In prm_IsActive bit ( 1 )
  
 -- OUT prm_RetVal INT
 )
BEGIN

	

	-- SET prm_RetVal =- 1;

	IF

		( prm_Filter = 'Insert' ) THEN

		BEGIN

			insert into Vocabulary (Id, Word, Meaning, Reference, Sentance, Pronunciation, Translation,  CreatedBy, CreatedOn, IsActive) 
			values (prm_Id, prm_Word, prm_Meaning,prm_Reference,prm_Sentance,prm_Pronunciation,prm_Translation, prm_CreatedBy, prm_CreatedOn, prm_IsActive );

			-- SET prm_RetVal = LAST_INSERT_ID();

		END;

		ELSE

		IF

			( prm_Filter = 'Update' ) THEN

			BEGIN

				Update Vocabulary
				Set 
				Word = prm_Word,
               Meaning = prm_Meaning,
             Reference = prm_Reference,
              Sentance = prm_Sentance,
              Pronunciation = prm_Pronunciation, 
             Translation = prm_Translation,
              ModifiedBy = prm_ModifiedBy,
				ModifiedOn = prm_ModifiedOn,
				IsActive = prm_IsActive
				Where Id = prm_Id;

				-- SET prm_RetVal = prm_Id;

			END;

			ELSE

			IF

				( prm_Filter = 'Delete' ) THEN

				BEGIN

					DELETE FROM `Vocabulary` 
					WHERE Id = prm_Id;

					-- SET prm_RetVal = prm_Id;

				END;

				ELSE

				IF

					( prm_Filter = 'Disable' ) THEN

					BEGIN

							UPDATE `Vocabulary` 

							SET IsActive = 0,

							ModifiedBy = prm_ModifiedBy,

							ModifiedOn = prm_ModifiedOn 

						WHERE

							Id = prm_Id;

					-- 	SET prm_RetVal = prm_Id;

					END;

				END IF;

			END IF;

		END IF;

	END IF;

END ;;
DELIMITER ;
/*!50003 SET sql_mode              = @saved_sql_mode */ ;
/*!50003 SET character_set_client  = @saved_cs_client */ ;
/*!50003 SET character_set_results = @saved_cs_results */ ;
/*!50003 SET collation_connection  = @saved_col_connection */ ;
/*!50003 DROP PROCEDURE IF EXISTS `SearchCityStudent` */;
/*!50003 SET @saved_cs_client      = @@character_set_client */ ;
/*!50003 SET @saved_cs_results     = @@character_set_results */ ;
/*!50003 SET @saved_col_connection = @@collation_connection */ ;
/*!50003 SET character_set_client  = utf8mb4 */ ;
/*!50003 SET character_set_results = utf8mb4 */ ;
/*!50003 SET collation_connection  = utf8mb4_0900_ai_ci */ ;
/*!50003 SET @saved_sql_mode       = @@sql_mode */ ;
/*!50003 SET sql_mode              = 'STRICT_TRANS_TABLES,NO_ENGINE_SUBSTITUTION' */ ;
DELIMITER ;;
CREATE DEFINER=`root`@`localhost` PROCEDURE `SearchCityStudent`( in WhereClause varchar(5000))
BEGIN
 set @queryStr= "select * from `vw_CityStudent`";
 set @queryStr= concat(@queryStr, WhereClause);
 prepare stm1
 from @queryStr;
 execute stm1;
 deallocate prepare stm1;
END ;;
DELIMITER ;
/*!50003 SET sql_mode              = @saved_sql_mode */ ;
/*!50003 SET character_set_client  = @saved_cs_client */ ;
/*!50003 SET character_set_results = @saved_cs_results */ ;
/*!50003 SET collation_connection  = @saved_col_connection */ ;
/*!50003 DROP PROCEDURE IF EXISTS `SearchClassTiming` */;
/*!50003 SET @saved_cs_client      = @@character_set_client */ ;
/*!50003 SET @saved_cs_results     = @@character_set_results */ ;
/*!50003 SET @saved_col_connection = @@collation_connection */ ;
/*!50003 SET character_set_client  = utf8mb4 */ ;
/*!50003 SET character_set_results = utf8mb4 */ ;
/*!50003 SET collation_connection  = utf8mb4_0900_ai_ci */ ;
/*!50003 SET @saved_sql_mode       = @@sql_mode */ ;
/*!50003 SET sql_mode              = 'STRICT_TRANS_TABLES,NO_ENGINE_SUBSTITUTION' */ ;
DELIMITER ;;
CREATE DEFINER=`root`@`localhost` PROCEDURE `SearchClassTiming`(in whereClause varchar(5000))
BEGIN
     set @querystr ='select * 
			FROM
			`lms`.`vw_classtiming`  ';
    set @querystr= concat(@querystr,whereClause);
	PREPARE stmt1 
	FROM
		@querystr;
	EXECUTE stmt1;
	DEALLOCATE PREPARE stmt1;
END ;;
DELIMITER ;
/*!50003 SET sql_mode              = @saved_sql_mode */ ;
/*!50003 SET character_set_client  = @saved_cs_client */ ;
/*!50003 SET character_set_results = @saved_cs_results */ ;
/*!50003 SET collation_connection  = @saved_col_connection */ ;
/*!50003 DROP PROCEDURE IF EXISTS `SearchCourse` */;
/*!50003 SET @saved_cs_client      = @@character_set_client */ ;
/*!50003 SET @saved_cs_results     = @@character_set_results */ ;
/*!50003 SET @saved_col_connection = @@collation_connection */ ;
/*!50003 SET character_set_client  = utf8mb4 */ ;
/*!50003 SET character_set_results = utf8mb4 */ ;
/*!50003 SET collation_connection  = utf8mb4_0900_ai_ci */ ;
/*!50003 SET @saved_sql_mode       = @@sql_mode */ ;
/*!50003 SET sql_mode              = 'STRICT_TRANS_TABLES,NO_ENGINE_SUBSTITUTION' */ ;
DELIMITER ;;
CREATE DEFINER=`root`@`localhost` PROCEDURE `SearchCourse`(in whereClause varchar(5000))
BEGIN
     set @querystr ='select * 
			FROM
			`lms`.`course`  ';
    set @querystr= concat(@querystr,whereClause);
	PREPARE stmt1 
	FROM
		@querystr;
	EXECUTE stmt1;
	DEALLOCATE PREPARE stmt1;
END ;;
DELIMITER ;
/*!50003 SET sql_mode              = @saved_sql_mode */ ;
/*!50003 SET character_set_client  = @saved_cs_client */ ;
/*!50003 SET character_set_results = @saved_cs_results */ ;
/*!50003 SET collation_connection  = @saved_col_connection */ ;
/*!50003 DROP PROCEDURE IF EXISTS `SearchCourseDetail` */;
/*!50003 SET @saved_cs_client      = @@character_set_client */ ;
/*!50003 SET @saved_cs_results     = @@character_set_results */ ;
/*!50003 SET @saved_col_connection = @@collation_connection */ ;
/*!50003 SET character_set_client  = utf8mb4 */ ;
/*!50003 SET character_set_results = utf8mb4 */ ;
/*!50003 SET collation_connection  = utf8mb4_0900_ai_ci */ ;
/*!50003 SET @saved_sql_mode       = @@sql_mode */ ;
/*!50003 SET sql_mode              = 'STRICT_TRANS_TABLES,NO_ENGINE_SUBSTITUTION' */ ;
DELIMITER ;;
CREATE DEFINER=`root`@`localhost` PROCEDURE `SearchCourseDetail`(in whereClause varchar(5000))
BEGIN
     set @querystr ='select * 
			FROM
			`lms`.`coursedetail`  ';
    set @querystr= concat(@querystr,whereClause);
	PREPARE stmt1 
	FROM
		@querystr;
	EXECUTE stmt1;
	DEALLOCATE PREPARE stmt1;
END ;;
DELIMITER ;
/*!50003 SET sql_mode              = @saved_sql_mode */ ;
/*!50003 SET character_set_client  = @saved_cs_client */ ;
/*!50003 SET character_set_results = @saved_cs_results */ ;
/*!50003 SET collation_connection  = @saved_col_connection */ ;
/*!50003 DROP PROCEDURE IF EXISTS `SearchInquiry` */;
/*!50003 SET @saved_cs_client      = @@character_set_client */ ;
/*!50003 SET @saved_cs_results     = @@character_set_results */ ;
/*!50003 SET @saved_col_connection = @@collation_connection */ ;
/*!50003 SET character_set_client  = utf8mb4 */ ;
/*!50003 SET character_set_results = utf8mb4 */ ;
/*!50003 SET collation_connection  = utf8mb4_0900_ai_ci */ ;
/*!50003 SET @saved_sql_mode       = @@sql_mode */ ;
/*!50003 SET sql_mode              = 'STRICT_TRANS_TABLES,NO_ENGINE_SUBSTITUTION' */ ;
DELIMITER ;;
CREATE DEFINER=`root`@`localhost` PROCEDURE `SearchInquiry`(in whereClause varchar(5000))
BEGIN
     set @querystr ='select * 
			FROM
			`lms`.`inquiry`  ';
    set @querystr= concat(@querystr,whereClause);
	PREPARE stmt1 
	FROM
		@querystr;
	EXECUTE stmt1;
	DEALLOCATE PREPARE stmt1;
END ;;
DELIMITER ;
/*!50003 SET sql_mode              = @saved_sql_mode */ ;
/*!50003 SET character_set_client  = @saved_cs_client */ ;
/*!50003 SET character_set_results = @saved_cs_results */ ;
/*!50003 SET collation_connection  = @saved_col_connection */ ;
/*!50003 DROP PROCEDURE IF EXISTS `SearchSchedule` */;
/*!50003 SET @saved_cs_client      = @@character_set_client */ ;
/*!50003 SET @saved_cs_results     = @@character_set_results */ ;
/*!50003 SET @saved_col_connection = @@collation_connection */ ;
/*!50003 SET character_set_client  = utf8mb4 */ ;
/*!50003 SET character_set_results = utf8mb4 */ ;
/*!50003 SET collation_connection  = utf8mb4_0900_ai_ci */ ;
/*!50003 SET @saved_sql_mode       = @@sql_mode */ ;
/*!50003 SET sql_mode              = 'STRICT_TRANS_TABLES,NO_ENGINE_SUBSTITUTION' */ ;
DELIMITER ;;
CREATE DEFINER=`root`@`localhost` PROCEDURE `SearchSchedule`(in whereClause varchar(5000))
BEGIN
     set @querystr ='select * 
			FROM
			`lms`.`vw_schedule`  ';
    set @querystr= concat(@querystr,whereClause);
	PREPARE stmt1 
	FROM
		@querystr;
	EXECUTE stmt1;
	DEALLOCATE PREPARE stmt1;
END ;;
DELIMITER ;
/*!50003 SET sql_mode              = @saved_sql_mode */ ;
/*!50003 SET character_set_client  = @saved_cs_client */ ;
/*!50003 SET character_set_results = @saved_cs_results */ ;
/*!50003 SET collation_connection  = @saved_col_connection */ ;
/*!50003 DROP PROCEDURE IF EXISTS `SearchSettings` */;
/*!50003 SET @saved_cs_client      = @@character_set_client */ ;
/*!50003 SET @saved_cs_results     = @@character_set_results */ ;
/*!50003 SET @saved_col_connection = @@collation_connection */ ;
/*!50003 SET character_set_client  = utf8mb4 */ ;
/*!50003 SET character_set_results = utf8mb4 */ ;
/*!50003 SET collation_connection  = utf8mb4_0900_ai_ci */ ;
/*!50003 SET @saved_sql_mode       = @@sql_mode */ ;
/*!50003 SET sql_mode              = 'STRICT_TRANS_TABLES,NO_ENGINE_SUBSTITUTION' */ ;
DELIMITER ;;
CREATE DEFINER=`root`@`localhost` PROCEDURE `SearchSettings`(in whereClause varchar(5000))
BEGIN
     set @querystr ='select * 
			FROM
			`vw_settings`';
           
    set @querystr= concat(@querystr,whereClause);
	PREPARE stmt1 
	FROM
		@querystr;
	EXECUTE stmt1;
	DEALLOCATE PREPARE stmt1;
END ;;
DELIMITER ;
/*!50003 SET sql_mode              = @saved_sql_mode */ ;
/*!50003 SET character_set_client  = @saved_cs_client */ ;
/*!50003 SET character_set_results = @saved_cs_results */ ;
/*!50003 SET collation_connection  = @saved_col_connection */ ;
/*!50003 DROP PROCEDURE IF EXISTS `SearchSettingsType` */;
/*!50003 SET @saved_cs_client      = @@character_set_client */ ;
/*!50003 SET @saved_cs_results     = @@character_set_results */ ;
/*!50003 SET @saved_col_connection = @@collation_connection */ ;
/*!50003 SET character_set_client  = utf8mb4 */ ;
/*!50003 SET character_set_results = utf8mb4 */ ;
/*!50003 SET collation_connection  = utf8mb4_0900_ai_ci */ ;
/*!50003 SET @saved_sql_mode       = @@sql_mode */ ;
/*!50003 SET sql_mode              = 'STRICT_TRANS_TABLES,NO_ENGINE_SUBSTITUTION' */ ;
DELIMITER ;;
CREATE DEFINER=`root`@`localhost` PROCEDURE `SearchSettingsType`(in whereClause varchar(5000))
BEGIN
     set @querystr ='select * 
			FROM
			`vw_settingstype`  ';
    set @querystr= concat(@querystr,whereClause);
	PREPARE stmt1 
	FROM
		@querystr;
	EXECUTE stmt1;
	DEALLOCATE PREPARE stmt1;
END ;;
DELIMITER ;
/*!50003 SET sql_mode              = @saved_sql_mode */ ;
/*!50003 SET character_set_client  = @saved_cs_client */ ;
/*!50003 SET character_set_results = @saved_cs_results */ ;
/*!50003 SET collation_connection  = @saved_col_connection */ ;
/*!50003 DROP PROCEDURE IF EXISTS `SearchStudent` */;
/*!50003 SET @saved_cs_client      = @@character_set_client */ ;
/*!50003 SET @saved_cs_results     = @@character_set_results */ ;
/*!50003 SET @saved_col_connection = @@collation_connection */ ;
/*!50003 SET character_set_client  = utf8mb4 */ ;
/*!50003 SET character_set_results = utf8mb4 */ ;
/*!50003 SET collation_connection  = utf8mb4_0900_ai_ci */ ;
/*!50003 SET @saved_sql_mode       = @@sql_mode */ ;
/*!50003 SET sql_mode              = 'STRICT_TRANS_TABLES,NO_ENGINE_SUBSTITUTION' */ ;
DELIMITER ;;
CREATE DEFINER=`root`@`localhost` PROCEDURE `SearchStudent`( in WhereClause varchar(5000))
BEGIN
 set @queryStr= "select * from `vw_Student`";
 set @queryStr= concat(@queryStr, WhereClause);
 prepare stm1
 from @queryStr;
 execute stm1;
 deallocate prepare stm1;
END ;;
DELIMITER ;
/*!50003 SET sql_mode              = @saved_sql_mode */ ;
/*!50003 SET character_set_client  = @saved_cs_client */ ;
/*!50003 SET character_set_results = @saved_cs_results */ ;
/*!50003 SET collation_connection  = @saved_col_connection */ ;
/*!50003 DROP PROCEDURE IF EXISTS `SearchTopic` */;
/*!50003 SET @saved_cs_client      = @@character_set_client */ ;
/*!50003 SET @saved_cs_results     = @@character_set_results */ ;
/*!50003 SET @saved_col_connection = @@collation_connection */ ;
/*!50003 SET character_set_client  = utf8mb4 */ ;
/*!50003 SET character_set_results = utf8mb4 */ ;
/*!50003 SET collation_connection  = utf8mb4_0900_ai_ci */ ;
/*!50003 SET @saved_sql_mode       = @@sql_mode */ ;
/*!50003 SET sql_mode              = 'STRICT_TRANS_TABLES,NO_ENGINE_SUBSTITUTION' */ ;
DELIMITER ;;
CREATE DEFINER=`root`@`localhost` PROCEDURE `SearchTopic`( in WhereClause varchar(5000))
BEGIN
 set @queryStr= "select * from `vw_topic`";
 set @queryStr= concat(@queryStr, WhereClause);
 prepare stm1
 from @queryStr;
 execute stm1;
 deallocate prepare stm1;
END ;;
DELIMITER ;
/*!50003 SET sql_mode              = @saved_sql_mode */ ;
/*!50003 SET character_set_client  = @saved_cs_client */ ;
/*!50003 SET character_set_results = @saved_cs_results */ ;
/*!50003 SET collation_connection  = @saved_col_connection */ ;
/*!50003 DROP PROCEDURE IF EXISTS `SearchUser` */;
/*!50003 SET @saved_cs_client      = @@character_set_client */ ;
/*!50003 SET @saved_cs_results     = @@character_set_results */ ;
/*!50003 SET @saved_col_connection = @@collation_connection */ ;
/*!50003 SET character_set_client  = utf8mb4 */ ;
/*!50003 SET character_set_results = utf8mb4 */ ;
/*!50003 SET collation_connection  = utf8mb4_0900_ai_ci */ ;
/*!50003 SET @saved_sql_mode       = @@sql_mode */ ;
/*!50003 SET sql_mode              = 'STRICT_TRANS_TABLES,NO_ENGINE_SUBSTITUTION' */ ;
DELIMITER ;;
CREATE DEFINER=`root`@`localhost` PROCEDURE `SearchUser`(in whereClause varchar(5000))
BEGIN
     set @querystr ='select * 
			FROM
			`lms`.`user`  ';
    set @querystr= concat(@querystr,whereClause);
	PREPARE stmt1 
	FROM
		@querystr;
	EXECUTE stmt1;
	DEALLOCATE PREPARE stmt1;
END ;;
DELIMITER ;
/*!50003 SET sql_mode              = @saved_sql_mode */ ;
/*!50003 SET character_set_client  = @saved_cs_client */ ;
/*!50003 SET character_set_results = @saved_cs_results */ ;
/*!50003 SET collation_connection  = @saved_col_connection */ ;

--
-- Final view structure for view `vw_citystudent`
--

/*!50001 DROP VIEW IF EXISTS `vw_citystudent`*/;
/*!50001 SET @saved_cs_client          = @@character_set_client */;
/*!50001 SET @saved_cs_results         = @@character_set_results */;
/*!50001 SET @saved_col_connection     = @@collation_connection */;
/*!50001 SET character_set_client      = utf8mb4 */;
/*!50001 SET character_set_results     = utf8mb4 */;
/*!50001 SET collation_connection      = utf8mb4_0900_ai_ci */;
/*!50001 CREATE ALGORITHM=UNDEFINED */
/*!50013 DEFINER=`root`@`localhost` SQL SECURITY DEFINER */
/*!50001 VIEW `vw_citystudent` AS select `citystudent`.`Id` AS `Id`,`citystudent`.`StudentId` AS `StudentId`,`citystudent`.`CityId` AS `CityId`,`citystudent`.`CreatedOn` AS `CreatedOn`,`citystudent`.`CreatedBy` AS `CreatedBy`,`citystudent`.`ModifiedOn` AS `ModifiedOn`,`citystudent`.`ModifiedBy` AS `ModifiedBy`,`citystudent`.`IsActive` AS `IsActive`,`student`.`Name` AS `Student`,`city`.`Name` AS `City` from ((`citystudent` left join `student` on((`student`.`Id` = `citystudent`.`StudentId`))) left join `city` on((`city`.`Id` = `citystudent`.`CityId`))) */;
/*!50001 SET character_set_client      = @saved_cs_client */;
/*!50001 SET character_set_results     = @saved_cs_results */;
/*!50001 SET collation_connection      = @saved_col_connection */;

--
-- Final view structure for view `vw_student`
--

/*!50001 DROP VIEW IF EXISTS `vw_student`*/;
/*!50001 SET @saved_cs_client          = @@character_set_client */;
/*!50001 SET @saved_cs_results         = @@character_set_results */;
/*!50001 SET @saved_col_connection     = @@collation_connection */;
/*!50001 SET character_set_client      = utf8mb4 */;
/*!50001 SET character_set_results     = utf8mb4 */;
/*!50001 SET collation_connection      = utf8mb4_0900_ai_ci */;
/*!50001 CREATE ALGORITHM=UNDEFINED */
/*!50013 DEFINER=`root`@`localhost` SQL SECURITY DEFINER */
/*!50001 VIEW `vw_student` AS select `student`.`Id` AS `Id`,`student`.`CityId` AS `CityId`,`student`.`TopicId` AS `TopicId`,`student`.`Name` AS `Name`,`student`.`Email` AS `Email`,`student`.`CreatedOn` AS `CreatedOn`,`student`.`CreatedBy` AS `CreatedBy`,`student`.`ModifiedOn` AS `ModifiedOn`,`student`.`ModifiedBy` AS `ModifiedBy`,`student`.`IsActive` AS `IsActive`,`city`.`Name` AS `City`,`topic`.`TopicTitle` AS `Topic` from ((`student` join `city` on((`city`.`Id` = `student`.`CityId`))) join `topic` on((`topic`.`Id` = `student`.`TopicId`))) */;
/*!50001 SET character_set_client      = @saved_cs_client */;
/*!50001 SET character_set_results     = @saved_cs_results */;
/*!50001 SET collation_connection      = @saved_col_connection */;
/*!40103 SET TIME_ZONE=@OLD_TIME_ZONE */;

/*!40101 SET SQL_MODE=@OLD_SQL_MODE */;
/*!40014 SET FOREIGN_KEY_CHECKS=@OLD_FOREIGN_KEY_CHECKS */;
/*!40014 SET UNIQUE_CHECKS=@OLD_UNIQUE_CHECKS */;
/*!40101 SET CHARACTER_SET_CLIENT=@OLD_CHARACTER_SET_CLIENT */;
/*!40101 SET CHARACTER_SET_RESULTS=@OLD_CHARACTER_SET_RESULTS */;
/*!40101 SET COLLATION_CONNECTION=@OLD_COLLATION_CONNECTION */;
/*!40111 SET SQL_NOTES=@OLD_SQL_NOTES */;

-- Dump completed on 2023-07-18 20:41:32
