-- MySQL dump 10.13  Distrib 8.0.29, for Win64 (x86_64)
--
-- Host: localhost    Database: lms
-- ------------------------------------------------------
-- Server version	8.0.21

/*!40101 SET @OLD_CHARACTER_SET_CLIENT=@@CHARACTER_SET_CLIENT */;
/*!40101 SET @OLD_CHARACTER_SET_RESULTS=@@CHARACTER_SET_RESULTS */;
/*!40101 SET @OLD_COLLATION_CONNECTION=@@COLLATION_CONNECTION */;
/*!50503 SET NAMES utf8 */;
/*!40103 SET @OLD_TIME_ZONE=@@TIME_ZONE */;
/*!40103 SET TIME_ZONE='+00:00' */;
/*!40014 SET @OLD_UNIQUE_CHECKS=@@UNIQUE_CHECKS, UNIQUE_CHECKS=0 */;
/*!40014 SET @OLD_FOREIGN_KEY_CHECKS=@@FOREIGN_KEY_CHECKS, FOREIGN_KEY_CHECKS=0 */;
/*!40101 SET @OLD_SQL_MODE=@@SQL_MODE, SQL_MODE='NO_AUTO_VALUE_ON_ZERO' */;
/*!40111 SET @OLD_SQL_NOTES=@@SQL_NOTES, SQL_NOTES=0 */;

--
-- Table structure for table `aspnetusers`
--

DROP TABLE IF EXISTS `aspnetusers`;
/*!40101 SET @saved_cs_client     = @@character_set_client */;
/*!50503 SET character_set_client = utf8mb4 */;
CREATE TABLE `aspnetusers` (
  `Id` varchar(255) CHARACTER SET utf8mb4 COLLATE utf8mb4_0900_ai_ci NOT NULL,
  `FirstName` varchar(200) CHARACTER SET utf8 COLLATE utf8_general_ci DEFAULT NULL,
  `DirectSupervisorName` varchar(200) CHARACTER SET utf8 COLLATE utf8_general_ci DEFAULT NULL,
  `DirectSupervisorId` varchar(255) CHARACTER SET utf8 COLLATE utf8_general_ci DEFAULT NULL,
  `LastName` varchar(200) CHARACTER SET utf8 COLLATE utf8_general_ci DEFAULT NULL,
  `UserPassword` varchar(200) CHARACTER SET utf8 COLLATE utf8_general_ci DEFAULT NULL,
  `Name` varchar(200) CHARACTER SET utf8 COLLATE utf8_general_ci DEFAULT NULL,
  `EmployeeId` int DEFAULT NULL,
  `FatherName` varchar(255) CHARACTER SET utf8 COLLATE utf8_general_ci DEFAULT NULL,
  `CNIC` varchar(255) CHARACTER SET utf8 COLLATE utf8_general_ci DEFAULT NULL,
  `Address` varchar(255) CHARACTER SET utf8 COLLATE utf8_general_ci DEFAULT NULL,
  `Designation` varchar(255) CHARACTER SET utf8 COLLATE utf8_general_ci DEFAULT NULL,
  `MSCardNo` varchar(255) CHARACTER SET utf8 COLLATE utf8_general_ci DEFAULT NULL,
  `DiscountLimit` int DEFAULT NULL,
  `BranchId` int DEFAULT NULL,
  `UserName` varchar(256) CHARACTER SET utf8mb4 COLLATE utf8mb4_0900_ai_ci DEFAULT NULL,
  `NormalizedUserName` varchar(256) CHARACTER SET utf8mb4 COLLATE utf8mb4_0900_ai_ci DEFAULT NULL,
  `Email` varchar(256) CHARACTER SET utf8mb4 COLLATE utf8mb4_0900_ai_ci DEFAULT NULL,
  `NormalizedEmail` varchar(256) CHARACTER SET utf8mb4 COLLATE utf8mb4_0900_ai_ci DEFAULT NULL,
  `EmailConfirmed` tinyint(1) NOT NULL,
  `PasswordHash` longtext CHARACTER SET utf8mb4 COLLATE utf8mb4_0900_ai_ci,
  `SecurityStamp` longtext CHARACTER SET utf8mb4 COLLATE utf8mb4_0900_ai_ci,
  `ConcurrencyStamp` longtext CHARACTER SET utf8mb4 COLLATE utf8mb4_0900_ai_ci,
  `PhoneNumber` longtext CHARACTER SET utf8mb4 COLLATE utf8mb4_0900_ai_ci,
  `PhoneNumberConfirmed` tinyint(1) NOT NULL,
  `TwoFactorEnabled` tinyint(1) NOT NULL,
  `LockoutEnd` datetime(6) DEFAULT NULL,
  `LockoutEnabled` tinyint(1) NOT NULL,
  `AccessFailedCount` int NOT NULL,
  PRIMARY KEY (`Id`),
  UNIQUE KEY `UserNameIndex` (`NormalizedUserName`),
  KEY `EmailIndex` (`NormalizedEmail`)
) ENGINE=InnoDB DEFAULT CHARSET=utf8mb4 COLLATE=utf8mb4_0900_ai_ci;
/*!40101 SET character_set_client = @saved_cs_client */;

--
-- Dumping data for table `aspnetusers`
--

LOCK TABLES `aspnetusers` WRITE;
/*!40000 ALTER TABLE `aspnetusers` DISABLE KEYS */;
INSERT INTO `aspnetusers` VALUES ('0a714c07-6881-4740-8bcb-5a6bfd833eda',NULL,NULL,NULL,NULL,'usama123456',NULL,NULL,NULL,NULL,NULL,NULL,NULL,NULL,NULL,'Usama','USAMA','Usama@gmail.com','USAMA@GMAIL.COM',0,'AQAAAAEAACcQAAAAEO2kpJqDM0QnFLB6ZueOpsh44pAwxyUmIJBAURk9XyHOEAB27LKeLfPnK7niOF/dFA==','GU3Q3TWCZZIMDTGMNWZRJGJEVAHXYDXI','cebc7aee-498f-4f9b-b03c-7df005cf53b9',NULL,0,0,NULL,1,0),('1c75d06f-45f4-4877-b2cd-d88b21091f96',NULL,NULL,NULL,NULL,'umer123456',NULL,NULL,NULL,NULL,NULL,NULL,NULL,NULL,NULL,'Umer','UMER','umer@gmail.com','UMER@GMAIL.COM',0,'AQAAAAEAACcQAAAAEOt8DymlOCYwXVW0DYpRgxUPlJADpj7VhGuSSdVf7FCQSHs2v7P7UgIEeAD+VX89BQ==','B2K5VWJAZW34YFJPCI62YVHYFUHT5SPE','508729cb-6e9c-47a3-b0e6-4d1370bb6606',NULL,0,0,NULL,1,0),('44fb345f-be12-4d99-8a0d-f1c5063f4999',NULL,NULL,NULL,NULL,'123456asdf',NULL,NULL,NULL,NULL,NULL,NULL,NULL,NULL,NULL,'Sania_Saeed','SANIA_SAEED','saniasaaeed@gmail.com','SANIASAAEED@GMAIL.COM',0,'AQAAAAEAACcQAAAAENhWyRPmd3M4Hw0o9ABtS+vsbMtqnF7pasbC7n6Z8a94qS9ciqOEjZaQk2Qtlf+BZQ==','C3PW3DLPV5YERGZEFFKH7H2Z46OTYC6Y','b6b32839-e3ef-4c14-98e7-4d1d5136c542',NULL,0,0,NULL,1,0),('4b556b8c-b456-47c2-a828-b96298406606',NULL,NULL,NULL,NULL,'Hanzala123456',NULL,NULL,NULL,NULL,NULL,NULL,NULL,NULL,NULL,'Hanzala','HANZALA','Hanzala@gmail.com','HANZALA@GMAIL.COM',0,'AQAAAAEAACcQAAAAEIB8pd6fIgJz41BGokYYxTLhc2Gw4JWp7BHIvEqtAKfXl4g4+eHzbn+pC18XyduvDg==','IAQZVKI32CSB6YDVTWD2XORR7M235OPL','3c4d0a43-45bc-47cc-b679-17480661cd77',NULL,0,0,NULL,1,0),('5fa755e3-ec9c-44b2-b001-1aee7467c993',NULL,NULL,NULL,NULL,'hamza123456',NULL,NULL,NULL,NULL,NULL,NULL,NULL,NULL,NULL,'Hamza','HAMZA','hamza@gmail.com','HAMZA@GMAIL.COM',0,'AQAAAAEAACcQAAAAEHfceVHr8Ivyv61i3OinVTrxcQVlnD8c6Tty2KqCb30k1NFzhaudhDnsaKNf0WgfCQ==','RK4JCQGFGWPBPDQQWIGYPOHMI2TXVI4M','c66e6719-a565-4882-8814-0e18f3d485ab',NULL,0,0,NULL,1,0),('68a66c4f-dfb0-4aec-a69f-e9d864d0206e',NULL,NULL,NULL,NULL,'111112222ss',NULL,NULL,NULL,NULL,NULL,NULL,NULL,NULL,NULL,'Warda','WARDA','Warda@gmail.comm','WARDA@GMAIL.COMM',0,'AQAAAAEAACcQAAAAEIJdhkSOOmS/2DuKuu6hTolJB9I3JTS7Rr5FTwhqEd6XdnVYqkEoodtQiKibmEfVyQ==','DMD7V6RYXDKMGCCVFREVPBMNWRO7CHMC','700275e8-010c-459d-aa62-143572d339fd',NULL,0,0,NULL,1,0),('974a87e2-8686-40f9-80f5-fb557955a3cd',NULL,NULL,NULL,NULL,'Noman123456',NULL,NULL,NULL,NULL,NULL,NULL,NULL,NULL,NULL,'Noman','NOMAN','Noman@gmail.com','NOMAN@GMAIL.COM',0,'AQAAAAEAACcQAAAAEOA8mDWEz+H+5paz1FYllQnK/SvbTSh+b4eKpZGtYy81cxqgMqFavcHb+x+Ym3gyTQ==','IJJP4I63SA6GEQHY2AMM7YZNPUIE4TCA','4cb11698-6224-40f7-a283-2c8195b3eb5a',NULL,0,0,NULL,1,0),('e5c22e36-0196-4025-8d4c-cc02ed45991f',NULL,NULL,NULL,NULL,'ahmad12345',NULL,NULL,NULL,NULL,NULL,NULL,NULL,NULL,NULL,'Ahmad','AHMAD','ahmad@gmail.com','AHMAD@GMAIL.COM',0,'AQAAAAEAACcQAAAAEHzqt8gwzBUSYJtPcS8oYFIvKuPw4qK46zp29Kq/upE2GRnxdrV+pACkjBk6KIkwNw==','RZZK3N5OTSANXWNT2GRT3HEV5O5QB4CO','758d1d28-20c3-4c7d-9a0d-360595c447a9',NULL,0,0,NULL,1,0),('e91f2fb3-fbd8-4299-bd66-94dae255a50c',NULL,NULL,NULL,NULL,'111111aaaaa',NULL,NULL,NULL,NULL,NULL,NULL,NULL,NULL,NULL,'Hira','HIRA','Hira@hmail.com','HIRA@HMAIL.COM',0,'AQAAAAEAACcQAAAAEJxXuGWFe7ole+HJGc5olUFkKRMjESqdnNW1ktsYXXBE4olS+5Y31Ua5wMk4FHWirw==','THWFPM7S7S6Z62MKCTHRXC4ZY2PPVXM3','bf01fa12-204d-4b34-b8ed-63d0325a0de3',NULL,0,0,NULL,1,0),('f3fe7021-8736-48e0-9af0-0fecff453f33',NULL,NULL,NULL,NULL,'talha123456',NULL,NULL,NULL,NULL,NULL,NULL,NULL,NULL,NULL,'Talha','TALHA','talha@gmal.com','TALHA@GMAL.COM',0,'AQAAAAEAACcQAAAAEKEJTf8HsoTs5syG8xL6tehql+oezH4mzjApt6FGXIJK1W4drrgbc8OCgFqmUnDnDg==','G5NJ5ARBGCWLWLJFJ4GCQTD5ZEMES6VE','784dd076-a14e-4a43-8a48-32f30ef33535',NULL,0,0,NULL,1,0);
/*!40000 ALTER TABLE `aspnetusers` ENABLE KEYS */;
UNLOCK TABLES;

--
-- Table structure for table `attendance`
--

DROP TABLE IF EXISTS `attendance`;
/*!40101 SET @saved_cs_client     = @@character_set_client */;
/*!50503 SET character_set_client = utf8mb4 */;
CREATE TABLE `attendance` (
  `Id` int NOT NULL,
  `UserId` varchar(255) DEFAULT NULL,
  `InTime` varchar(50) NOT NULL,
  `OutTime` varchar(50) NOT NULL,
  `WorkedHours` varchar(50) DEFAULT NULL,
  `Date` datetime DEFAULT NULL,
  `CreatedBy` int DEFAULT NULL,
  `CreatedOn` datetime DEFAULT NULL,
  `ModifiedBy` int DEFAULT NULL,
  `ModifiedOn` datetime DEFAULT NULL,
  `IsActive` bit(1) DEFAULT NULL,
  PRIMARY KEY (`Id`)
) ENGINE=InnoDB DEFAULT CHARSET=utf8mb4 COLLATE=utf8mb4_0900_ai_ci;
/*!40101 SET character_set_client = @saved_cs_client */;

--
-- Dumping data for table `attendance`
--

LOCK TABLES `attendance` WRITE;
/*!40000 ALTER TABLE `attendance` DISABLE KEYS */;
INSERT INTO `attendance` VALUES (1,'44fb345f-be12-4d99-8a0d-f1c5063f4999','12:00','17:40','5','2023-08-17 20:11:44',NULL,NULL,NULL,NULL,NULL),(2,'e5c22e36-0196-4025-8d4c-cc02ed45991f','11:00','18:48','4','2023-08-17 20:13:57',NULL,NULL,NULL,NULL,NULL),(3,'f3fe7021-8736-48e0-9af0-0fecff453f33','15:48','18:56','2:30','2023-08-17 20:20:13',NULL,NULL,NULL,NULL,NULL),(4,'4b556b8c-b456-47c2-a828-b96298406606','15:30','18:56','2:30','2023-08-17 20:25:48',NULL,NULL,NULL,NULL,NULL),(5,'5fa755e3-ec9c-44b2-b001-1aee7467c993','16:00','18:56','5:00','2023-08-17 20:32:27',NULL,NULL,NULL,NULL,NULL),(6,'e91f2fb3-fbd8-4299-bd66-94dae255a50c','14:00','22:00','6:00','2023-08-17 20:32:27',NULL,NULL,NULL,NULL,NULL),(7,'68a66c4f-dfb0-4aec-a69f-e9d864d0206e','18:29','22:56','3:00','2023-08-17 20:32:27',NULL,NULL,NULL,NULL,NULL),(8,'1c75d06f-45f4-4877-b2cd-d88b21091f96','18:20','18:56','2:00','2023-08-18 20:11:44',NULL,NULL,NULL,NULL,NULL),(9,'44fb345f-be12-4d99-8a0d-f1c5063f4999','10:00','18:25','08:25','2023-08-19 15:56:38',NULL,NULL,NULL,NULL,NULL),(10,'e5c22e36-0196-4025-8d4c-cc02ed45991f','10:45','18:25','7:00','2023-08-19 15:56:48',NULL,NULL,NULL,NULL,NULL),(11,'f3fe7021-8736-48e0-9af0-0fecff453f33','00:00','00:00','0:00','2023-08-19 15:57:01',NULL,NULL,NULL,NULL,NULL),(12,'4b556b8c-b456-47c2-a828-b96298406606','17:15','20:00','2:30','2023-08-19 15:57:08',NULL,NULL,NULL,NULL,NULL),(13,'5fa755e3-ec9c-44b2-b001-1aee7467c993','14:00','20:00','6:00','2023-08-19 15:57:20',NULL,NULL,NULL,NULL,NULL),(14,'e91f2fb3-fbd8-4299-bd66-94dae255a50c','11:30','20:00','08:30','2023-08-19 15:57:30',NULL,NULL,NULL,NULL,NULL),(15,'68a66c4f-dfb0-4aec-a69f-e9d864d0206e','18:00','20:00','2:00','2023-08-19 15:57:41',NULL,NULL,NULL,NULL,NULL),(16,'1c75d06f-45f4-4877-b2cd-d88b21091f96','00:00','00:00','0:00','2023-08-19 15:57:49',NULL,NULL,NULL,NULL,NULL),(17,'0a714c07-6881-4740-8bcb-5a6bfd833eda','14:30','16:30','02:00','2023-08-19 15:57:58',NULL,NULL,NULL,NULL,NULL),(18,'974a87e2-8686-40f9-80f5-fb557955a3cd','12:00','20:00','08:00','2023-08-19 15:58:05',NULL,NULL,NULL,NULL,NULL);
/*!40000 ALTER TABLE `attendance` ENABLE KEYS */;
UNLOCK TABLES;

--
-- Table structure for table `enumline`
--

DROP TABLE IF EXISTS `enumline`;
/*!40101 SET @saved_cs_client     = @@character_set_client */;
/*!50503 SET character_set_client = utf8mb4 */;
CREATE TABLE `enumline` (
  `Id` int NOT NULL,
  `EnumTypeId` int NOT NULL,
  `ParentId` int DEFAULT NULL,
  `KeyCode` varchar(2000) DEFAULT NULL,
  `Name` varchar(255) NOT NULL,
  `Description` varchar(3000) DEFAULT NULL,
  `IsSystemDefined` bit(1) DEFAULT NULL,
  `UploadStatus` bit(1) DEFAULT NULL,
  `CreatedOn` datetime NOT NULL,
  `CreatedById` int NOT NULL,
  `ModifiedOn` datetime DEFAULT NULL,
  `ModifiedById` int DEFAULT NULL,
  `IsActive` bit(1) NOT NULL
) ENGINE=InnoDB DEFAULT CHARSET=utf8mb4 COLLATE=utf8mb4_0900_ai_ci;
/*!40101 SET character_set_client = @saved_cs_client */;

--
-- Dumping data for table `enumline`
--

LOCK TABLES `enumline` WRITE;
/*!40000 ALTER TABLE `enumline` DISABLE KEYS */;
INSERT INTO `enumline` VALUES (1003001,1003,0,'Week_Days_Monday','Monday',NULL,_binary '',_binary '\0','2023-05-19 23:33:08',0,'2023-05-19 23:33:08',0,_binary ''),(1003002,1003,0,'Week_Days_Tuesday','Tuesday',NULL,_binary '',_binary '\0','2023-05-19 23:33:27',0,'2023-05-19 23:33:27',0,_binary ''),(1003003,1003,0,'Week_Days_Wednesday','Wednesday',NULL,_binary '',_binary '\0','2023-05-19 23:33:39',0,'2023-05-19 23:33:39',0,_binary ''),(1003004,1003,0,'Week_Days_Thursday','Thursday',NULL,_binary '',_binary '\0','2023-05-19 23:34:03',0,'2023-05-19 23:34:03',0,_binary ''),(1003005,1003,0,'Week_Days_Friday','Friday',NULL,_binary '',_binary '\0','2023-05-19 23:34:11',0,'2023-05-19 23:34:11',0,_binary ''),(1003006,1003,0,'Week_Days_Saturday','Saturday',NULL,_binary '',_binary '\0','2023-05-19 23:34:22',0,'2023-05-19 23:34:22',0,_binary ''),(1003007,1003,0,'Week_Days_Sunday','Sunday',NULL,_binary '',_binary '\0','2023-05-19 23:34:29',0,'2023-05-19 23:34:29',0,_binary ''),(1001001,1001,0,'/security','Security',NULL,_binary '',_binary '\0','2023-07-25 23:55:41',0,'2023-07-25 23:55:41',0,_binary ''),(1002001,1002,1001001,'/security/users','Manage User',NULL,_binary '',_binary '\0','2023-07-25 23:57:16',0,'2023-07-25 23:57:16',0,_binary ''),(1002002,1002,1001001,'/security/roles','Manage Role',NULL,_binary '',_binary '\0','2023-07-25 23:58:39',0,'2023-07-25 23:58:39',0,_binary '\0'),(1002003,1002,1001001,'/security/userrole','User Roles',NULL,_binary '',_binary '\0','2023-07-25 23:59:55',0,'2023-07-25 23:59:55',0,_binary '\0'),(1001002,1001,0,'/lms/TRN','TRN',NULL,_binary '',_binary '\0','2023-07-26 00:10:23',0,'2023-07-26 00:10:23',0,_binary ''),(1002004,1002,1001002,'/lms/Student','ManageStudent',NULL,_binary '',_binary '\0','2023-07-26 00:10:53',0,'2023-07-26 00:10:53',0,_binary '\0'),(1002005,1002,1001002,'/lms/course','Manage Course',NULL,_binary '',_binary '\0','2023-07-26 04:08:33',0,'2023-07-26 04:08:33',0,_binary ''),(1002006,1002,1001002,'/lms/topic','Manage Topic',NULL,_binary '',_binary '\0','2023-07-26 04:12:08',0,'2023-07-26 04:12:08',0,_binary '\0'),(1002007,1002,1001002,'/lms/lecture','Manage Lecture',NULL,_binary '',_binary '\0','2023-07-26 04:13:18',0,'2023-07-26 04:13:18',0,_binary '\0'),(1002008,1002,1001002,'/lms/City','Manage City',NULL,_binary '',_binary '\0','2023-07-26 04:13:42',0,'2023-07-26 04:13:42',0,_binary '\0'),(1002009,1002,1001002,'/lms/assignTask','Manage AssignTask',NULL,_binary '',_binary '\0','2023-07-26 04:14:35',0,'2023-07-26 04:14:35',0,_binary ''),(1001003,1001,0,'Back_OfficeIMS','IMS',NULL,_binary '',_binary '\0','2023-07-26 04:16:00',0,'2023-07-26 04:16:00',0,_binary ''),(1002011,1002,1001003,'/lms/inquiry','Manage Inquiry',NULL,_binary '',_binary '\0','2023-07-26 04:16:32',0,'2023-07-26 04:16:32',0,_binary '\0'),(1001004,1001,0,'Back_OfficeSCH','SCH',NULL,_binary '',_binary '\0','2023-07-26 04:16:56',0,'2023-07-26 04:16:56',0,_binary ''),(1002012,1002,1001004,'/lms/schedule','Manage CourseSchedule',NULL,_binary '',_binary '\0','2023-07-26 05:18:02',0,'2023-07-26 05:18:02',0,_binary ''),(1002013,1002,1001004,'/lms/schList','ScheduleList',NULL,_binary '',_binary '\0','2023-07-26 05:19:26',0,'2023-07-26 05:19:26',0,_binary ''),(1002014,1002,1001004,'/lms/Schedule','Manage Schedule',NULL,_binary '',_binary '\0','2023-07-26 05:21:39',0,'2023-07-26 05:21:39',0,_binary ''),(1004001,1004,0,'','Lahore',NULL,_binary '\0',_binary '\0','2023-08-04 00:51:03',0,'2023-08-04 00:51:03',0,_binary ''),(1004002,1004,0,'','IslamAbad',NULL,_binary '\0',_binary '\0','2023-08-04 00:51:17',0,'2023-08-04 00:51:17',0,_binary ''),(1004003,1004,0,'','Gujjraat',NULL,_binary '\0',_binary '\0','2023-08-04 00:51:26',0,'2023-08-04 00:51:26',0,_binary ''),(1005001,1005,0,'EntitiesUser','User',NULL,_binary '',_binary '\0','2023-08-08 11:25:33',0,'2023-08-08 11:25:33',0,_binary ''),(1005002,1005,0,'EntitiesRole','Role',NULL,_binary '',_binary '\0','2023-08-08 11:26:14',0,'2023-08-08 11:26:14',0,_binary ''),(1006001,1006,0,'Schedule_Types_FH','FH',NULL,_binary '',_binary '\0','2023-08-08 11:27:46',0,'2023-08-08 11:27:46',0,_binary ''),(1006002,1006,0,'Schedule_Types_FWH','FWH',NULL,_binary '',_binary '\0','2023-08-08 11:28:05',0,'2023-08-08 11:28:05',0,_binary ''),(1006003,1006,0,'Schedule_Types','FHD',NULL,_binary '',_binary '\0','2023-08-08 11:38:39',0,'2023-08-08 11:38:39',0,_binary ''),(1007001,1007,0,'Working_Type_Day','Day',NULL,_binary '',_binary '\0','2023-08-08 11:38:58',0,'2023-08-08 11:38:58',0,_binary ''),(1007002,1007,0,'Working_Type_Week','Week',NULL,_binary '',_binary '\0','2023-08-08 11:39:13',0,'2023-08-08 11:39:13',0,_binary ''),(1007003,1007,0,'Working_Type_Month','Month',NULL,_binary '',_binary '\0','2023-08-08 11:39:29',0,'2023-08-08 11:39:29',0,_binary ''),(1008001,1008,0,'EventType_Work','Work',NULL,_binary '',_binary '\0','2023-08-08 16:30:39',0,'2023-08-08 16:30:39',0,_binary ''),(1008002,1008,0,'EventType_Break','Break',NULL,_binary '',_binary '\0','2023-08-08 16:31:13',0,'2023-08-08 16:31:13',0,_binary ''),(1009001,1009,0,'Location_RehmanPura','RehmanPura',NULL,_binary '',_binary '\0','2023-08-08 16:32:09',0,'2023-08-08 16:32:09',0,_binary ''),(1009002,1009,0,'Location_SiddiqueTradeCenter','Siddique Trade Center',NULL,_binary '',_binary '\0','2023-08-08 16:32:45',0,'2023-08-08 16:32:45',0,_binary ''),(1002015,1002,1001002,'/lms/CityStudent','Manage CityStudent',NULL,_binary '',_binary '\0','2023-08-11 14:09:28',0,'2023-08-11 14:09:28',0,_binary ''),(1010001,1010,0,'Status_Open','Open',NULL,_binary '',_binary '\0','2023-08-16 13:33:50',0,'2023-08-16 13:33:50',0,_binary ''),(1010002,1010,0,'Status_InProgress','InProgress',NULL,_binary '',_binary '\0','2023-08-16 13:34:48',0,'2023-08-16 13:34:48',0,_binary ''),(1010003,1010,0,'Status_InTesting','InTesting',NULL,_binary '',_binary '\0','2023-08-16 13:35:10',0,'2023-08-16 13:35:10',0,_binary ''),(1010004,1010,0,'Status_ReOpen','ReOpen',NULL,_binary '',_binary '\0','2023-08-16 13:35:39',0,'2023-08-16 13:35:39',0,_binary ''),(1010005,1010,0,'Status_Resolve','Resolve',NULL,_binary '',_binary '\0','2023-08-16 13:35:58',0,'2023-08-16 13:35:58',0,_binary ''),(1010006,1010,0,'Status_Closed','Closed',NULL,_binary '',_binary '\0','2023-08-16 13:36:13',0,'2023-08-16 13:36:13',0,_binary ''),(1011001,1011,0,'Priority_Emergency','Emergency',NULL,_binary '',_binary '\0','2023-08-16 13:37:51',0,'2023-08-16 13:37:51',0,_binary ''),(1011002,1011,0,'Priority_Highest','Highest',NULL,_binary '',_binary '\0','2023-08-16 13:38:15',0,'2023-08-16 13:38:15',0,_binary ''),(1011003,1011,0,'Priority_High','High',NULL,_binary '',_binary '\0','2023-08-16 13:38:34',0,'2023-08-16 13:38:34',0,_binary ''),(1011004,1011,0,'Priority_Medium','Medium',NULL,_binary '',_binary '\0','2023-08-16 13:38:56',0,'2023-08-16 13:38:56',0,_binary ''),(1011005,1011,0,'Priority_Low','Low',NULL,_binary '',_binary '\0','2023-08-16 13:39:17',0,'2023-08-16 13:39:17',0,_binary ''),(1012001,1012,0,'Modules_TMS','TMS',NULL,_binary '',_binary '\0','2023-08-16 13:40:51',0,'2023-08-16 13:40:51',0,_binary ''),(1012002,1012,0,'Modules_SCH','SCH',NULL,_binary '',_binary '\0','2023-08-16 13:41:06',0,'2023-08-16 13:41:06',0,_binary ''),(1012003,1012,0,'Modules_NOT','NOT',NULL,_binary '\0',_binary '\0','2023-08-16 13:41:23',0,'2023-08-16 13:41:23',0,_binary ''),(1012004,1012,0,'Modules_ATT','ATT',NULL,_binary '',_binary '\0','2023-08-16 13:41:38',0,'2023-08-16 13:41:38',0,_binary ''),(1012005,1012,0,'Modules_SCE','SCE',NULL,_binary '',_binary '\0','2023-08-16 13:41:53',0,'2023-08-16 13:41:53',0,_binary ''),(1012006,1012,0,'Modules_IMS','IMS',NULL,_binary '',_binary '\0','2023-08-16 13:42:10',0,'2023-08-16 13:42:10',0,_binary ''),(1012007,1012,0,'Modules_TST','TST',NULL,_binary '',_binary '\0','2023-08-16 13:43:05',0,'2023-08-16 13:43:05',0,_binary ''),(1012008,1012,0,'Modules_TRN','TRN',NULL,_binary '',_binary '\0','2023-08-16 13:43:48',0,'2023-08-16 13:43:48',0,_binary ''),(1012009,1012,0,'Modules_PRL','PRL',NULL,_binary '',_binary '\0','2023-08-16 13:44:12',0,'2023-08-16 13:44:12',0,_binary ''),(1001005,1001,0,'/lms/ATT','ATT',NULL,_binary '',_binary '\0','2023-08-18 17:34:55',0,'2023-08-18 17:34:55',0,_binary ''),(1002016,1002,1001005,'lms/Attendance','Manage Attendance',NULL,_binary '',_binary '\0','2023-08-18 17:35:54',0,'2023-08-18 17:35:54',0,_binary ''),(1002017,1002,1001005,'lms/Userattbydate','Manage Userattbydate',NULL,_binary '',_binary '\0','2023-08-18 17:42:03',0,'2023-08-18 17:42:03',0,_binary ''),(1001006,1001,0,'lms/TSK','TSK',NULL,_binary '',_binary '\0','2023-08-18 18:00:49',0,'2023-08-18 18:00:49',0,_binary ''),(1002018,1002,1001006,'lms/Tasks','Manage Tasks',NULL,_binary '',_binary '\0','2023-08-18 18:01:25',0,'2023-08-18 18:01:25',0,_binary '\0');
/*!40000 ALTER TABLE `enumline` ENABLE KEYS */;
UNLOCK TABLES;

--
-- Table structure for table `enums`
--

DROP TABLE IF EXISTS `enums`;
/*!40101 SET @saved_cs_client     = @@character_set_client */;
/*!50503 SET character_set_client = utf8mb4 */;
CREATE TABLE `enums` (
  `Id` int NOT NULL,
  `ParentId` int DEFAULT NULL,
  `KeyCode` varchar(2000) DEFAULT NULL,
  `Name` varchar(255) NOT NULL,
  `Value` varchar(255) DEFAULT 'Null',
  `Description` varchar(3000) DEFAULT NULL,
  `IsSystemDefined` bit(1) DEFAULT NULL,
  `UploadStatus` bit(1) DEFAULT NULL,
  `CreatedOn` datetime NOT NULL,
  `CreatedById` int NOT NULL,
  `ModifiedOn` datetime DEFAULT NULL,
  `ModifiedById` int DEFAULT NULL,
  `IsActive` bit(1) NOT NULL,
  PRIMARY KEY (`Id`)
) ENGINE=InnoDB DEFAULT CHARSET=utf8mb4 COLLATE=utf8mb4_0900_ai_ci;
/*!40101 SET character_set_client = @saved_cs_client */;

--
-- Dumping data for table `enums`
--

LOCK TABLES `enums` WRITE;
/*!40000 ALTER TABLE `enums` DISABLE KEYS */;
INSERT INTO `enums` VALUES (1001,0,'Back_Office','Back Office','Null',NULL,_binary '',_binary '\0','2023-05-17 22:44:18',0,'2023-05-17 22:44:18',0,_binary ''),(1002,1001,'Side_Menu','Side Menu','Null',NULL,_binary '',_binary '\0','2023-05-17 22:44:34',0,'2023-05-17 22:44:34',0,_binary ''),(1003,0,'Week_Days','Week Days','Null',NULL,_binary '',_binary '\0','2023-05-19 23:32:54',0,'2023-05-19 23:32:54',0,_binary ''),(1004,0,'cities','cities','Null',NULL,_binary '',_binary '\0','2023-07-31 23:06:31',0,'2023-07-31 23:06:31',0,_binary ''),(1005,0,'Entities','Entities','Null',NULL,_binary '',_binary '\0','2023-08-07 19:44:04',0,'2023-08-07 19:44:04',0,_binary ''),(1006,0,'Schedule_Types','Schedule Types','Null',NULL,_binary '',_binary '\0','2023-08-07 19:58:59',0,'2023-08-07 19:58:59',0,_binary ''),(1007,0,'Working_Type','Working Type','Null',NULL,_binary '',_binary '\0','2023-08-07 20:01:45',0,'2023-08-07 20:01:45',0,_binary ''),(1008,0,'EventType','EventType','Null',NULL,_binary '',_binary '\0','2023-08-08 16:30:08',0,'2023-08-08 16:30:08',0,_binary ''),(1009,0,'Location','Location','Null',NULL,_binary '',_binary '\0','2023-08-08 16:30:20',0,'2023-08-08 16:30:20',0,_binary '\0'),(1010,0,'Status','Status','Null',NULL,_binary '',_binary '\0','2023-08-16 13:31:44',0,'2023-08-16 13:31:44',0,_binary ''),(1011,0,'Priority','Priority','Null',NULL,_binary '',_binary '\0','2023-08-16 13:32:03',0,'2023-08-16 13:32:03',0,_binary ''),(1012,0,'Modules','Modules','Null',NULL,_binary '',_binary '\0','2023-08-16 13:32:18',0,'2023-08-16 13:32:18',0,_binary '');
/*!40000 ALTER TABLE `enums` ENABLE KEYS */;
UNLOCK TABLES;

--
-- Table structure for table `schedule`
--

DROP TABLE IF EXISTS `schedule`;
/*!40101 SET @saved_cs_client     = @@character_set_client */;
/*!50503 SET character_set_client = utf8mb4 */;
CREATE TABLE `schedule` (
  `Id` int NOT NULL,
  `UserId` varchar(255) DEFAULT NULL,
  `RoleId` varchar(255) DEFAULT NULL,
  `EntityId` int NOT NULL,
  `ScheduleTypeId` int NOT NULL,
  `WorkingTypeId` int NOT NULL,
  `WorkingHours` varchar(500) DEFAULT NULL,
  `StartDate` datetime DEFAULT NULL,
  `EndDate` datetime DEFAULT NULL,
  `CreatedBy` int DEFAULT NULL,
  `CreatedOn` datetime DEFAULT NULL,
  `ModifiedBy` int DEFAULT NULL,
  `ModifiedOn` datetime DEFAULT NULL,
  `IsActive` bit(1) DEFAULT NULL,
  PRIMARY KEY (`Id`)
) ENGINE=InnoDB DEFAULT CHARSET=utf8mb4 COLLATE=utf8mb4_0900_ai_ci;
/*!40101 SET character_set_client = @saved_cs_client */;

--
-- Dumping data for table `schedule`
--

LOCK TABLES `schedule` WRITE;
/*!40000 ALTER TABLE `schedule` DISABLE KEYS */;
INSERT INTO `schedule` VALUES (1,'44fb345f-be12-4d99-8a0d-f1c5063f4999',NULL,1005001,1006002,1007003,'8Hours','2023-08-01 08:00:00','2023-08-05 17:00:00',NULL,'2023-08-18 15:47:43',NULL,'2023-08-18 15:47:43',_binary '');
/*!40000 ALTER TABLE `schedule` ENABLE KEYS */;
UNLOCK TABLES;

--
-- Table structure for table `scheduledaysevents`
--

DROP TABLE IF EXISTS `scheduledaysevents`;
/*!40101 SET @saved_cs_client     = @@character_set_client */;
/*!50503 SET character_set_client = utf8mb4 */;
CREATE TABLE `scheduledaysevents` (
  `Id` int NOT NULL,
  `DAYId` int DEFAULT NULL,
  `StartTime` varchar(45) DEFAULT NULL,
  `EndTime` varchar(45) DEFAULT NULL,
  `LocationId` int DEFAULT NULL,
  `EventTypeId` int DEFAULT NULL,
  `SchId` int NOT NULL,
  `CreatedById` int DEFAULT NULL,
  `CreatedOn` datetime DEFAULT NULL,
  `ModifiedById` int DEFAULT NULL,
  `ModifiedOn` datetime DEFAULT NULL,
  `IsActive` bit(1) DEFAULT NULL,
  PRIMARY KEY (`Id`,`SchId`)
) ENGINE=InnoDB DEFAULT CHARSET=utf8mb4 COLLATE=utf8mb4_0900_ai_ci;
/*!40101 SET character_set_client = @saved_cs_client */;

--
-- Dumping data for table `scheduledaysevents`
--

LOCK TABLES `scheduledaysevents` WRITE;
/*!40000 ALTER TABLE `scheduledaysevents` DISABLE KEYS */;
INSERT INTO `scheduledaysevents` VALUES (0,1003002,'13:00','18:00',1009001,1008001,32,0,'2023-08-16 00:38:55',0,'2023-08-16 00:38:55',_binary ''),(0,1003002,'13:00','18:00',1009001,1008001,33,0,'2023-08-16 00:42:03',0,'2023-08-16 00:42:03',_binary '');
/*!40000 ALTER TABLE `scheduledaysevents` ENABLE KEYS */;
UNLOCK TABLES;

--
-- Table structure for table `tasks`
--

DROP TABLE IF EXISTS `tasks`;
/*!40101 SET @saved_cs_client     = @@character_set_client */;
/*!50503 SET character_set_client = utf8mb4 */;
CREATE TABLE `tasks` (
  `Id` int NOT NULL,
  `UserId` varchar(255) NOT NULL,
  `PriorityId` int NOT NULL,
  `StatusId` int NOT NULL,
  `ModuleId` int NOT NULL,
  `TaskTitle` varchar(255) NOT NULL,
  `StoryPoints` varchar(500) DEFAULT NULL,
  `SPs` double DEFAULT NULL,
  `Date` datetime DEFAULT NULL,
  `DayEndStatus` int DEFAULT NULL,
  `CreatedBy` int DEFAULT NULL,
  `CreatedOn` datetime DEFAULT NULL,
  `ModifiedBy` int DEFAULT NULL,
  `ModifiedOn` datetime DEFAULT NULL,
  `IsActive` bit(1) DEFAULT NULL,
  PRIMARY KEY (`Id`)
) ENGINE=InnoDB DEFAULT CHARSET=utf8mb4 COLLATE=utf8mb4_0900_ai_ci;
/*!40101 SET character_set_client = @saved_cs_client */;

--
-- Dumping data for table `tasks`
--

LOCK TABLES `tasks` WRITE;
/*!40000 ALTER TABLE `tasks` DISABLE KEYS */;
INSERT INTO `tasks` VALUES (1,'44fb345f-be12-4d99-8a0d-f1c5063f4999',1011001,1010001,1012002,'this is testingg of taskssssss','Scripts to add Tasks',0.5,'2023-08-17 15:09:50',5,NULL,NULL,NULL,NULL,NULL);
/*!40000 ALTER TABLE `tasks` ENABLE KEYS */;
UNLOCK TABLES;

--
-- Temporary view structure for view `vw_attendance`
--

DROP TABLE IF EXISTS `vw_attendance`;
/*!50001 DROP VIEW IF EXISTS `vw_attendance`*/;
SET @saved_cs_client     = @@character_set_client;
/*!50503 SET character_set_client = utf8mb4 */;
/*!50001 CREATE VIEW `vw_attendance` AS SELECT 
 1 AS `Id`,
 1 AS `User`,
 1 AS `InTime`,
 1 AS `OutTime`,
 1 AS `WorkedHours`,
 1 AS `Date`,
 1 AS `CreatedOn`,
 1 AS `CreatedBy`,
 1 AS `ModifiedOn`,
 1 AS `ModifiedBy`,
 1 AS `IsActive`*/;
SET character_set_client = @saved_cs_client;

--
-- Temporary view structure for view `vw_schedule`
--

DROP TABLE IF EXISTS `vw_schedule`;
/*!50001 DROP VIEW IF EXISTS `vw_schedule`*/;
SET @saved_cs_client     = @@character_set_client;
/*!50503 SET character_set_client = utf8mb4 */;
/*!50001 CREATE VIEW `vw_schedule` AS SELECT 
 1 AS `Id`,
 1 AS `UserId`,
 1 AS `User`,
 1 AS `RoleId`,
 1 AS `Role`,
 1 AS `EntityId`,
 1 AS `Entity`,
 1 AS `StartDate`,
 1 AS `EndDate`,
 1 AS `ScheduleTypeId`,
 1 AS `ScheduleType`,
 1 AS `WorkingTypeId`,
 1 AS `WorkingType`,
 1 AS `WorkingHours`,
 1 AS `CreatedOn`,
 1 AS `CreatedBy`,
 1 AS `ModifiedOn`,
 1 AS `ModifiedBy`,
 1 AS `IsActive`*/;
SET character_set_client = @saved_cs_client;

--
-- Temporary view structure for view `vw_scheduledayevents`
--

DROP TABLE IF EXISTS `vw_scheduledayevents`;
/*!50001 DROP VIEW IF EXISTS `vw_scheduledayevents`*/;
SET @saved_cs_client     = @@character_set_client;
/*!50503 SET character_set_client = utf8mb4 */;
/*!50001 CREATE VIEW `vw_scheduledayevents` AS SELECT 
 1 AS `Id`,
 1 AS `SchId`,
 1 AS `StartTime`,
 1 AS `EndTime`,
 1 AS `LocationId`,
 1 AS `Location`,
 1 AS `EventTypeId`,
 1 AS `EventType`,
 1 AS `DAYId`,
 1 AS `DAY`,
 1 AS `CreatedOn`,
 1 AS `CreatedById`,
 1 AS `ModifiedOn`,
 1 AS `ModifiedById`,
 1 AS `IsActive`*/;
SET character_set_client = @saved_cs_client;

--
-- Temporary view structure for view `vw_task`
--

DROP TABLE IF EXISTS `vw_task`;
/*!50001 DROP VIEW IF EXISTS `vw_task`*/;
SET @saved_cs_client     = @@character_set_client;
/*!50503 SET character_set_client = utf8mb4 */;
/*!50001 CREATE VIEW `vw_task` AS SELECT 
 1 AS `Id`,
 1 AS `User`,
 1 AS `Priority`,
 1 AS `Status`,
 1 AS `Module`,
 1 AS `TaskTitle`,
 1 AS `StoryPoints`,
 1 AS `SPs`,
 1 AS `Date`,
 1 AS `DayEndStatus`,
 1 AS `CreatedOn`,
 1 AS `CreatedBy`,
 1 AS `ModifiedOn`,
 1 AS `ModifiedBy`,
 1 AS `IsActive`*/;
SET character_set_client = @saved_cs_client;

--
-- Temporary view structure for view `vw_userattbydate`
--

DROP TABLE IF EXISTS `vw_userattbydate`;
/*!50001 DROP VIEW IF EXISTS `vw_userattbydate`*/;
SET @saved_cs_client     = @@character_set_client;
/*!50503 SET character_set_client = utf8mb4 */;
/*!50001 CREATE VIEW `vw_userattbydate` AS SELECT 
 1 AS `User`,
 1 AS `Date`,
 1 AS `AttendanceDetails`,
 1 AS `TotalWorkedHours`*/;
SET character_set_client = @saved_cs_client;

--
-- Temporary view structure for view `vw_usertaskbydate`
--

DROP TABLE IF EXISTS `vw_usertaskbydate`;
/*!50001 DROP VIEW IF EXISTS `vw_usertaskbydate`*/;
SET @saved_cs_client     = @@character_set_client;
/*!50503 SET character_set_client = utf8mb4 */;
/*!50001 CREATE VIEW `vw_usertaskbydate` AS SELECT 
 1 AS `UserName`,
 1 AS `Date`,
 1 AS `TaskDetails`,
 1 AS `StoryPoints`,
 1 AS `TotalSP`,
 1 AS `TotalDayEndStatus`*/;
SET character_set_client = @saved_cs_client;

--
-- Dumping events for database 'lms'
--

--
-- Dumping routines for database 'lms'
--
/*!50003 DROP PROCEDURE IF EXISTS `GetMaxId` */;
/*!50003 SET @saved_cs_client      = @@character_set_client */ ;
/*!50003 SET @saved_cs_results     = @@character_set_results */ ;
/*!50003 SET @saved_col_connection = @@collation_connection */ ;
/*!50003 SET character_set_client  = utf8mb4 */ ;
/*!50003 SET character_set_results = utf8mb4 */ ;
/*!50003 SET collation_connection  = utf8mb4_0900_ai_ci */ ;
/*!50003 SET @saved_sql_mode       = @@sql_mode */ ;
/*!50003 SET sql_mode              = 'STRICT_TRANS_TABLES,NO_ENGINE_SUBSTITUTION' */ ;
DELIMITER ;;
CREATE DEFINER=`root`@`localhost` PROCEDURE `GetMaxId`(IN `prm_TableName` VARCHAR ( 200 ))
BEGIN
	
	SET @QueryStr = 'SELECT COALESCE(MAX(Id), 0) FROM ';
	
	SET @QueryStr = CONCAT( @QueryStr, `prm_TableName` );
	PREPARE stmt1 
	FROM
		@QueryStr;
	EXECUTE stmt1;
	DEALLOCATE PREPARE stmt1;

END ;;
DELIMITER ;
/*!50003 SET sql_mode              = @saved_sql_mode */ ;
/*!50003 SET character_set_client  = @saved_cs_client */ ;
/*!50003 SET character_set_results = @saved_cs_results */ ;
/*!50003 SET collation_connection  = @saved_col_connection */ ;
/*!50003 DROP PROCEDURE IF EXISTS `GetMaxLineId` */;
/*!50003 SET @saved_cs_client      = @@character_set_client */ ;
/*!50003 SET @saved_cs_results     = @@character_set_results */ ;
/*!50003 SET @saved_col_connection = @@collation_connection */ ;
/*!50003 SET character_set_client  = utf8mb4 */ ;
/*!50003 SET character_set_results = utf8mb4 */ ;
/*!50003 SET collation_connection  = utf8mb4_0900_ai_ci */ ;
/*!50003 SET @saved_sql_mode       = @@sql_mode */ ;
/*!50003 SET sql_mode              = 'STRICT_TRANS_TABLES,NO_ENGINE_SUBSTITUTION' */ ;
DELIMITER ;;
CREATE DEFINER=`root`@`localhost` PROCEDURE `GetMaxLineId`(IN `prm_TableName` VARCHAR ( 200 ) ,
								IN `prm_HeaderId` int ,
                                IN `prm_ColumnName` varchar(200))
BEGIN
	
	SET @QueryStr = 'SELECT COALESCE(MAX(Id), 0) FROM ';
	SET @QueryStr = CONCAT( @QueryStr, `prm_TableName` , ' where ' ,`prm_ColumnName`, ' = ' ,`prm_HeaderId` );
	PREPARE stmt1 
	FROM
		@QueryStr;
	EXECUTE stmt1;
	DEALLOCATE PREPARE stmt1;

END ;;
DELIMITER ;
/*!50003 SET sql_mode              = @saved_sql_mode */ ;
/*!50003 SET character_set_client  = @saved_cs_client */ ;
/*!50003 SET character_set_results = @saved_cs_results */ ;
/*!50003 SET collation_connection  = @saved_col_connection */ ;
/*!50003 DROP PROCEDURE IF EXISTS `Get_City` */;
/*!50003 SET @saved_cs_client      = @@character_set_client */ ;
/*!50003 SET @saved_cs_results     = @@character_set_results */ ;
/*!50003 SET @saved_col_connection = @@collation_connection */ ;
/*!50003 SET character_set_client  = utf8mb4 */ ;
/*!50003 SET character_set_results = utf8mb4 */ ;
/*!50003 SET collation_connection  = utf8mb4_0900_ai_ci */ ;
/*!50003 SET @saved_sql_mode       = @@sql_mode */ ;
/*!50003 SET sql_mode              = 'STRICT_TRANS_TABLES,NO_ENGINE_SUBSTITUTION' */ ;
DELIMITER ;;
CREATE DEFINER=`root`@`localhost` PROCEDURE `Get_City`(prm_WhereClause VARCHAR ( 2000 ))
BEGIN
 set @queryStr= "select * from `City`";
 set @queryStr= concat(@queryStr, prm_WhereClause);
 prepare stm1
 from @queryStr;
 execute stm1;
 deallocate prepare stm1;
END ;;
DELIMITER ;
/*!50003 SET sql_mode              = @saved_sql_mode */ ;
/*!50003 SET character_set_client  = @saved_cs_client */ ;
/*!50003 SET character_set_results = @saved_cs_results */ ;
/*!50003 SET collation_connection  = @saved_col_connection */ ;
/*!50003 DROP PROCEDURE IF EXISTS `Get_Vocabulary` */;
/*!50003 SET @saved_cs_client      = @@character_set_client */ ;
/*!50003 SET @saved_cs_results     = @@character_set_results */ ;
/*!50003 SET @saved_col_connection = @@collation_connection */ ;
/*!50003 SET character_set_client  = utf8mb4 */ ;
/*!50003 SET character_set_results = utf8mb4 */ ;
/*!50003 SET collation_connection  = utf8mb4_0900_ai_ci */ ;
/*!50003 SET @saved_sql_mode       = @@sql_mode */ ;
/*!50003 SET sql_mode              = 'STRICT_TRANS_TABLES,NO_ENGINE_SUBSTITUTION' */ ;
DELIMITER ;;
CREATE DEFINER=`root`@`localhost` PROCEDURE `Get_Vocabulary`(prm_WhereClause VARCHAR ( 2000 ))
BEGIN 

	

		BEGIN

			DECLARE

				offsetVal INT DEFAULT 0;

			

			SET @QueryStr = "SELECT Count(vcb.Id) INTO @TotalRecords
													FROM Vocabulary as vcb
													";

			

			SET @QueryStr = CONCAT( @QueryStr, prm_WhereClause );

			PREPARE stmt1 

			FROM

				@QueryStr;

			EXECUTE stmt1;

			DEALLOCATE PREPARE stmt1;


					

					

	SET @QueryStr = "SELECT 	
    vcb.Id AS Id, 
		vcb.Word, 
        vcb.Meaning, 
        vcb.Reference,
         vcb.Sentance,
         vcb.Pronunciation,
         vcb.Translation,
       vcb.CreatedOn,
		-- Func_Get_FullName(crs.CreatedBy) As CreatedName,
        vcb.CreatedBy,
		vcb.ModifiedOn,
		-- Func_Get_FullName(crs.ModifiedBy) As ModifiedName,
        vcb.ModifiedBy,
		vcb.IsActive
FROM
		Vocabulary AS vcb;
";

			
			SET @QueryStr = CONCAT( @QueryStr, prm_WhereClause );

			PREPARE stmt1 

			FROM

				@QueryStr;

			EXECUTE stmt1;

			DEALLOCATE PREPARE stmt1;

			SELECT

				@querystr;

		END;


END ;;
DELIMITER ;
/*!50003 SET sql_mode              = @saved_sql_mode */ ;
/*!50003 SET character_set_client  = @saved_cs_client */ ;
/*!50003 SET character_set_results = @saved_cs_results */ ;
/*!50003 SET collation_connection  = @saved_col_connection */ ;
/*!50003 DROP PROCEDURE IF EXISTS `ManageAssignTask` */;
/*!50003 SET @saved_cs_client      = @@character_set_client */ ;
/*!50003 SET @saved_cs_results     = @@character_set_results */ ;
/*!50003 SET @saved_col_connection = @@collation_connection */ ;
/*!50003 SET character_set_client  = utf8mb4 */ ;
/*!50003 SET character_set_results = utf8mb4 */ ;
/*!50003 SET collation_connection  = utf8mb4_0900_ai_ci */ ;
/*!50003 SET @saved_sql_mode       = @@sql_mode */ ;
/*!50003 SET sql_mode              = 'STRICT_TRANS_TABLES,NO_ENGINE_SUBSTITUTION' */ ;
DELIMITER ;;
CREATE DEFINER=`root`@`localhost` PROCEDURE `ManageAssignTask`(in id int,
        in courseId int,
        in topicId int,
		 in lectureId int,
          in studentId int,
        in createdOn datetime,
        in createdById int,
        in modifiedOn datetime,
        in modifiedById int,
        in isActive bit,
        in DBoperation varchar(50)
        )
BEGIN
if DBoperation = 'Insert'
then
           insert into  assignTask (Id,CourseId,TopicId,LectureId,StudentId, CreatedOn, CreatedById,
           ModifiedOn, ModifiedById, IsActive ) 
           values (id,courseId,topicId,lectureId,studentId, createdOn, createdById, modifiedOn,
           modifiedById, isActive );
 end if;   
/*update*/
 if DBoperation ='Update'
 then
            update  assignTask set 
                         CourseId = courseId,
                          TopicId=topicId,
                          LectureId = lectureId,
                      StudentId = studentId,
                          CreatedOn=createdOn,
                          CreatedById=createdById,
                          ModifiedOn=modifiedOn,
                          ModifiedById=modifiedById,
						  IsActive=isActive						 
             where    assignTask.Id =id;
   end if;
   IF DBoperation = 'Delete'
    then
            delete from  assignTask
			where
			  assignTask.Id=id ; 
        END if;
IF DBoperation = 'Activate'
        then
            update   assignTask set IsActive=1
			where 
			 assignTask.Id=id ;
        END if;
IF DBoperation = 'DeActivate'
        then
            update   assignTask set IsActive=0
			where
			 assignTask.Id=id; 
        END if;
END ;;
DELIMITER ;
/*!50003 SET sql_mode              = @saved_sql_mode */ ;
/*!50003 SET character_set_client  = @saved_cs_client */ ;
/*!50003 SET character_set_results = @saved_cs_results */ ;
/*!50003 SET collation_connection  = @saved_col_connection */ ;
/*!50003 DROP PROCEDURE IF EXISTS `ManageCityStudent` */;
/*!50003 SET @saved_cs_client      = @@character_set_client */ ;
/*!50003 SET @saved_cs_results     = @@character_set_results */ ;
/*!50003 SET @saved_col_connection = @@collation_connection */ ;
/*!50003 SET character_set_client  = utf8mb4 */ ;
/*!50003 SET character_set_results = utf8mb4 */ ;
/*!50003 SET collation_connection  = utf8mb4_0900_ai_ci */ ;
/*!50003 SET @saved_sql_mode       = @@sql_mode */ ;
/*!50003 SET sql_mode              = 'STRICT_TRANS_TABLES,NO_ENGINE_SUBSTITUTION' */ ;
DELIMITER ;;
CREATE DEFINER=`root`@`localhost` PROCEDURE `ManageCityStudent`(
		in id int,
     
       in cityId int,
        in studentId int,
        in createdOn datetime,
        in createdBy int,
        in modifiedOn datetime,
        in modifiedBy int,
        in isActive bit,
        in DBoperation varchar(50)
        )
BEGIN
if DBoperation = 'Insert'
then
           insert into  CityStudent (Id,CityId,StudentId, CreatedOn, CreatedBy,
           ModifiedOn, ModifiedBy, IsActive ) 
           values (id,cityId,studentId, createdOn, createdBy, modifiedOn,
           modifiedBy, isActive );
 end if;   

 if DBoperation ='Update'
 then
            update  CityStudent set 
                         CityId = cityId,
                          StudentId=studentId,
                          CreatedOn=createdOn,
                          CreatedBy=createdBy,
                          ModifiedOn=modifiedOn,
                          ModifiedBy=modifiedBy,
						  IsActive=isActive						 
             where   CityStudent.Id =id;
   end if;
   IF DBoperation = 'Delete'
    then
            delete from CityStudent
			where
			 CityStudent.Id=id ; 
        END if;
IF DBoperation = 'Activate'
        then
            update   CityStudent set IsActive=1
			where 
			 Lecture.Id=id ;
        END if;
IF DBoperation = 'DeActivate'
        then
            update  CityStudent set IsActive=0
			where
			 CityStudent.Id=id; 
        END if;
END ;;
DELIMITER ;
/*!50003 SET sql_mode              = @saved_sql_mode */ ;
/*!50003 SET character_set_client  = @saved_cs_client */ ;
/*!50003 SET character_set_results = @saved_cs_results */ ;
/*!50003 SET collation_connection  = @saved_col_connection */ ;
/*!50003 DROP PROCEDURE IF EXISTS `ManageClassTiming` */;
/*!50003 SET @saved_cs_client      = @@character_set_client */ ;
/*!50003 SET @saved_cs_results     = @@character_set_results */ ;
/*!50003 SET @saved_col_connection = @@collation_connection */ ;
/*!50003 SET character_set_client  = utf8mb4 */ ;
/*!50003 SET character_set_results = utf8mb4 */ ;
/*!50003 SET collation_connection  = utf8mb4_0900_ai_ci */ ;
/*!50003 SET @saved_sql_mode       = @@sql_mode */ ;
/*!50003 SET sql_mode              = 'STRICT_TRANS_TABLES,NO_ENGINE_SUBSTITUTION' */ ;
DELIMITER ;;
CREATE DEFINER=`root`@`localhost` PROCEDURE `ManageClassTiming`(in id int,
        in schId int,
		in weekDayId int,
        in timeFrom varchar(200),
		in timeTo varchar(200),
        in createdOn datetime,
        in createdById int,
        in modifiedOn datetime,
        in modifiedById int,
        in isActive bit,
        in DBoperation varchar(50)
        )
BEGIN
if DBoperation = 'Insert'
then
           insert into classtiming (Id,schId,WeekDayId,TimeFrom,TimeTo, CreatedOn, CreatedById, ModifiedOn, ModifiedById, IsActive ) 
           values 
           (id,schId,weekDayId,timeFrom,timeTo, createdOn, createdById, modifiedOn, modifiedById, isActive );
 end if;   
 if DBoperation ='Update'
       then     
          update classtiming set  
						 
                          weekDayId=weekDayId,
                          TimeFrom=timeFrom,
                          TimeTo=timeTo,
                          CreatedOn = createdOn,
                          CreatedById =createdById,
                          ModifiedOn = modifiedOn,
                          ModifiedById = modifiedById ,
						  IsActive = isActive 				 
             where classtiming.Id =id and classtiming.schId=schId;
      end if;
IF DBoperation = 'Delete'
       then
            delete from classtiming
			 where classtiming.Id =id and classtiming.schId=schId;
        END if;
IF DBoperation = 'Activate'
        then
            update classtiming set IsActive=1
			 where classtiming.Id =id and classtiming.schId=schId;
        END if;
IF DBoperation = 'DeActivate'
        then
            update classtiming set IsActive=0
			 where classtiming.Id =id and classtiming.schId=schId;
        END if;
END ;;
DELIMITER ;
/*!50003 SET sql_mode              = @saved_sql_mode */ ;
/*!50003 SET character_set_client  = @saved_cs_client */ ;
/*!50003 SET character_set_results = @saved_cs_results */ ;
/*!50003 SET collation_connection  = @saved_col_connection */ ;
/*!50003 DROP PROCEDURE IF EXISTS `ManageCourse` */;
/*!50003 SET @saved_cs_client      = @@character_set_client */ ;
/*!50003 SET @saved_cs_results     = @@character_set_results */ ;
/*!50003 SET @saved_col_connection = @@collation_connection */ ;
/*!50003 SET character_set_client  = utf8mb4 */ ;
/*!50003 SET character_set_results = utf8mb4 */ ;
/*!50003 SET collation_connection  = utf8mb4_0900_ai_ci */ ;
/*!50003 SET @saved_sql_mode       = @@sql_mode */ ;
/*!50003 SET sql_mode              = 'STRICT_TRANS_TABLES,NO_ENGINE_SUBSTITUTION' */ ;
DELIMITER ;;
CREATE DEFINER=`root`@`localhost` PROCEDURE `ManageCourse`(in id int,
        in title varchar(200),
		in shortDescription text,
        in logoBase64Path LONGTEXT,
        in fee double,
        in createdOn datetime,
        in createdById int,
        in modifiedOn datetime,
        in modifiedById int,
        in isActive bit,
        in DBoperation varchar(50)
        )
BEGIN
if DBoperation = 'Insert'
then
           insert into   course (Id,Title,ShortDescription,LogoBase64Path,Fee, CreatedOn, CreatedById,
           ModifiedOn, ModifiedById, IsActive ) 
           values (id,title,shortDescription,logoBase64Path,fee, createdOn, createdById, modifiedOn,
           modifiedById, isActive );
 end if;   
/*update*/
 if DBoperation ='Update'
 then
            update   course set 
                          Title=title,
                          ShortDescription=shortDescription,
                          LogoBase64Path=logoBase64Path,
                          Fee=fee,
                          CreatedOn=createdOn,
                          CreatedById=createdById,
                          ModifiedOn=modifiedOn,
                          ModifiedById=modifiedById,
						  IsActive=isActive						 
             where   course.Id =id;
   end if;
   IF DBoperation = 'Delete'
    then
            delete from   course
			where
			  course.Id=id ; 
        END if;
IF DBoperation = 'Activate'
        then
            update   course set IsActive=1
			where 
			  course.Id=id ;
        END if;
IF DBoperation = 'DeActivate'
        then
            update   course set IsActive=0
			where
			  course.Id=id; 
        END if;
END ;;
DELIMITER ;
/*!50003 SET sql_mode              = @saved_sql_mode */ ;
/*!50003 SET character_set_client  = @saved_cs_client */ ;
/*!50003 SET character_set_results = @saved_cs_results */ ;
/*!50003 SET collation_connection  = @saved_col_connection */ ;
/*!50003 DROP PROCEDURE IF EXISTS `ManageCourseDetail` */;
/*!50003 SET @saved_cs_client      = @@character_set_client */ ;
/*!50003 SET @saved_cs_results     = @@character_set_results */ ;
/*!50003 SET @saved_col_connection = @@collation_connection */ ;
/*!50003 SET character_set_client  = utf8mb4 */ ;
/*!50003 SET character_set_results = utf8mb4 */ ;
/*!50003 SET collation_connection  = utf8mb4_0900_ai_ci */ ;
/*!50003 SET @saved_sql_mode       = @@sql_mode */ ;
/*!50003 SET sql_mode              = 'STRICT_TRANS_TABLES,NO_ENGINE_SUBSTITUTION' */ ;
DELIMITER ;;
CREATE DEFINER=`root`@`localhost` PROCEDURE `ManageCourseDetail`(in id int,
        in projectTitle varchar(200),
		in projectLogoBase64Path varchar(200),
        in projectKeyPoints varchar(200),
        in reasonToJoin varchar(200),
		in courseCurriculum varchar(200),
		in iconBase64Path text,
        in title varchar(200),
		in shortDetail text,
        in createdOn datetime,
        in createdById int,
        in modifiedOn datetime,
        in modifiedById int,
        in isActive bit,
        in DBoperation varchar(50)
        )
BEGIN
if DBoperation = 'Insert'
then
           insert into   coursedetail (Id,ProjectTitle,ProjectLogoBase64Path,ProjectKeyPoints,ReasonToJoin,CourseCurriculum,
           IconBase64Path,Title,ShortDetail,CreatedOn, CreatedById,
           ModifiedOn, ModifiedById, IsActive ) 
           values (id,projectTitle,projectLogoBase64Path,projectKeyPoints,reasonToJoin,courseCurriculum, 
           iconBase64Path,title,shortDetail,createdOn, createdById, modifiedOn,
           modifiedById, isActive );
 end if;   
/*update*/
 if DBoperation ='Update'
 then
            update   coursedetail set 
                          ProjectTitle=projectTitle,
                          ProjectLogoBase64Path=projectLogoBase64Path,
                          ProjectKeyPoints=projectKeyPoints,
                          ReasonToJoin=reasonToJoin,
                          CourseCurriculum=courseCurriculum,
                          IconBase64Path=iconBase64Path,
                          Title=title,
                          ShortDetail=shortDetail,
                          CreatedOn=createdOn,
                          CreatedById=createdById,
                          ModifiedOn=modifiedOn,
                          ModifiedById=modifiedById,
						  IsActive=isActive						 
             where   coursedetail.Id =id;
   end if;
   IF DBoperation = 'Delete'
    then
            delete from   coursedetail
			where
			  coursedetail.Id=id ; 
        END if;
IF DBoperation = 'Activate'
        then
            update   coursedetail set IsActive=1
			where 
			  coursedetail.Id=id ;
        END if;
IF DBoperation = 'DeActivate'
        then
            update   coursedetail set IsActive=0
			where
			  coursedetail.Id=id; 
        END if;
END ;;
DELIMITER ;
/*!50003 SET sql_mode              = @saved_sql_mode */ ;
/*!50003 SET character_set_client  = @saved_cs_client */ ;
/*!50003 SET character_set_results = @saved_cs_results */ ;
/*!50003 SET collation_connection  = @saved_col_connection */ ;
/*!50003 DROP PROCEDURE IF EXISTS `ManageCourseSchedule` */;
/*!50003 SET @saved_cs_client      = @@character_set_client */ ;
/*!50003 SET @saved_cs_results     = @@character_set_results */ ;
/*!50003 SET @saved_col_connection = @@collation_connection */ ;
/*!50003 SET character_set_client  = utf8mb4 */ ;
/*!50003 SET character_set_results = utf8mb4 */ ;
/*!50003 SET collation_connection  = utf8mb4_0900_ai_ci */ ;
/*!50003 SET @saved_sql_mode       = @@sql_mode */ ;
/*!50003 SET sql_mode              = 'STRICT_TRANS_TABLES,NO_ENGINE_SUBSTITUTION' */ ;
DELIMITER ;;
CREATE DEFINER=`root`@`localhost` PROCEDURE `ManageCourseSchedule`(in id int,
        in courseId int,
		in orientationClass datetime,
        in startDate datetime,
        in description text,
		in logoBase64Path longtext,
        in createdOn datetime,
        in createdById int,
        in modifiedOn datetime,
        in modifiedById int,
        in isActive bit,
        in DBoperation varchar(50)
        )
BEGIN
if DBoperation = 'Insert'
then
           insert into   courseschedule (Id,CourseId,OrientationClass,StartDate,Description,LogoBase64Path, CreatedOn, CreatedById,
           ModifiedOn, ModifiedById, IsActive ) 
           values (id,courseId,orientationClass,startDate,description,logoBase64Path, createdOn, createdById, modifiedOn,
           modifiedById, isActive );
 end if;   
/*update*/
 if DBoperation ='Update'
 then
            update   courseschedule set 
                          CourseId=courseId,
                          OrientationClass=orientationClass,
                          StartDate=startDate,
                          Description=description,
                          LogoBase64Path=logoBase64Path,
                          CreatedOn=createdOn,
                          CreatedById=createdById,
                          ModifiedOn=modifiedOn,
                          ModifiedById=modifiedById,
						  IsActive=isActive						 
             where   courseschedule.Id =id;
   end if;
   IF DBoperation = 'Delete'
    then
			delete from classtiming where classtiming.SchId=id;
            delete from   courseschedule
			where
			  courseschedule.Id=id ; 
        END if;
IF DBoperation = 'Activate'
        then
            update   courseschedule set IsActive=1
			where 
			  courseschedule.Id=id ;
        END if;
IF DBoperation = 'DeActivate'
        then
            update   courseschedule set IsActive=0
			where
			  courseschedule.Id=id; 
        END if;
END ;;
DELIMITER ;
/*!50003 SET sql_mode              = @saved_sql_mode */ ;
/*!50003 SET character_set_client  = @saved_cs_client */ ;
/*!50003 SET character_set_results = @saved_cs_results */ ;
/*!50003 SET collation_connection  = @saved_col_connection */ ;
/*!50003 DROP PROCEDURE IF EXISTS `ManageInquiry` */;
/*!50003 SET @saved_cs_client      = @@character_set_client */ ;
/*!50003 SET @saved_cs_results     = @@character_set_results */ ;
/*!50003 SET @saved_col_connection = @@collation_connection */ ;
/*!50003 SET character_set_client  = utf8mb4 */ ;
/*!50003 SET character_set_results = utf8mb4 */ ;
/*!50003 SET collation_connection  = utf8mb4_0900_ai_ci */ ;
/*!50003 SET @saved_sql_mode       = @@sql_mode */ ;
/*!50003 SET sql_mode              = 'STRICT_TRANS_TABLES,NO_ENGINE_SUBSTITUTION' */ ;
DELIMITER ;;
CREATE DEFINER=`root`@`localhost` PROCEDURE `ManageInquiry`(in id int,
        in name varchar(50),
        in cell varchar(50),
        in servicesId int,
        in email varchar(500),
        in comments longtext,
        in createdOn datetime,
        in createdById int,
        in modifiedOn datetime,
        in modifiedById int,
        in isActive bit,
        in DBoperation varchar(50)
        )
BEGIN
if DBoperation = 'Insert'
then
    
           insert into lms.inquiry (Id,Name,Cell,ServicesId,Email,Comments, CreatedOn, CreatedById,
           ModifiedOn, ModifiedById, IsActive ) 
           values (id,name,cell,servicesId,email,comments, createdOn, createdById, modifiedOn,
           modifiedById, isActive );
 end if;   
/*update*/
 if DBoperation ='Update'
 then
            update lms.inquiry set 
                          Name=name,
                          Cell=cell,
                          ServicesId=servicesId,
                          Email=email,
                          Comments=comments,
                          CreatedOn=createdOn,
                          CreatedById=createdById,
                          ModifiedOn=modifiedOn,
                          ModifiedById=modifiedById,
						  IsActive=isActive						 
             where lms.inquiry.Id =id;
   end if;
    IF DBoperation = 'Delete'
    then
            delete from   lms.inquiry
			where
			  lms.inquiry.Id=id ; 
        END if;
IF DBoperation = 'Activate'
        then
            update   lms.inquiry set IsActive=1
			where 
			  lms.inquiry.Id=id ;
        END if;
IF DBoperation = 'DeActivate'
        then
            update   lms.inquiry set IsActive=0
			where
			  lms.inquiry.Id=id; 
        END if;
END ;;
DELIMITER ;
/*!50003 SET sql_mode              = @saved_sql_mode */ ;
/*!50003 SET character_set_client  = @saved_cs_client */ ;
/*!50003 SET character_set_results = @saved_cs_results */ ;
/*!50003 SET collation_connection  = @saved_col_connection */ ;
/*!50003 DROP PROCEDURE IF EXISTS `ManageLecture` */;
/*!50003 SET @saved_cs_client      = @@character_set_client */ ;
/*!50003 SET @saved_cs_results     = @@character_set_results */ ;
/*!50003 SET @saved_col_connection = @@collation_connection */ ;
/*!50003 SET character_set_client  = utf8mb4 */ ;
/*!50003 SET character_set_results = utf8mb4 */ ;
/*!50003 SET collation_connection  = utf8mb4_0900_ai_ci */ ;
/*!50003 SET @saved_sql_mode       = @@sql_mode */ ;
/*!50003 SET sql_mode              = 'STRICT_TRANS_TABLES,NO_ENGINE_SUBSTITUTION' */ ;
DELIMITER ;;
CREATE DEFINER=`root`@`localhost` PROCEDURE `ManageLecture`(in id int,
        in courseId int,
        in topicId int,
		in title varchar(200),
		in description Longtext,
		in url varchar(45),
        in createdOn datetime,
        in createdById int,
        in modifiedOn datetime,
        in modifiedById int,
        in isActive bit,
        in DBoperation varchar(50)
        )
BEGIN
if DBoperation = 'Insert'
then
           insert into  Lecture (Id,CourseId,TopicId,Title,Description,URL, CreatedOn, CreatedById,
           ModifiedOn, ModifiedById, IsActive ) 
           values (id,courseId,topicId,title,description,url, createdOn, createdById, modifiedOn,
           modifiedById, isActive );
 end if;   
/*update*/
 if DBoperation ='Update'
 then
            update  Lecture set 
                         CourseId = courseId,
                          TopicId=topicId,
                          Title=title,
                          Description=description,
                          URL=url,
                          CreatedOn=createdOn,
                          CreatedById=createdById,
                          ModifiedOn=modifiedOn,
                          ModifiedById=modifiedById,
						  IsActive=isActive						 
             where   Lecture.Id =id;
   end if;
   IF DBoperation = 'Delete'
    then
            delete from Lecture
			where
			 Lecture.Id=id ; 
        END if;
IF DBoperation = 'Activate'
        then
            update   Lecture set IsActive=1
			where 
			 Lecture.Id=id ;
        END if;
IF DBoperation = 'DeActivate'
        then
            update  Lecture set IsActive=0
			where
			 Lecture.Id=id; 
        END if;
END ;;
DELIMITER ;
/*!50003 SET sql_mode              = @saved_sql_mode */ ;
/*!50003 SET character_set_client  = @saved_cs_client */ ;
/*!50003 SET character_set_results = @saved_cs_results */ ;
/*!50003 SET collation_connection  = @saved_col_connection */ ;
/*!50003 DROP PROCEDURE IF EXISTS `ManageScheduleDayEvents` */;
/*!50003 SET @saved_cs_client      = @@character_set_client */ ;
/*!50003 SET @saved_cs_results     = @@character_set_results */ ;
/*!50003 SET @saved_col_connection = @@collation_connection */ ;
/*!50003 SET character_set_client  = utf8mb4 */ ;
/*!50003 SET character_set_results = utf8mb4 */ ;
/*!50003 SET collation_connection  = utf8mb4_0900_ai_ci */ ;
/*!50003 SET @saved_sql_mode       = @@sql_mode */ ;
/*!50003 SET sql_mode              = 'STRICT_TRANS_TABLES,NO_ENGINE_SUBSTITUTION' */ ;
DELIMITER ;;
CREATE DEFINER=`root`@`localhost` PROCEDURE `ManageScheduleDayEvents`(
in Id int, 
in StartTime varchar(45),
in EndTime varchar(45),
in LocationId int,
in EventTypeId int,
in schId int,
in prm_DAYId int,
in createdOn datetime,
in createdById int,
in modifiedOn datetime,
in modifiedById int,
in isActive bool,
in DbOperation varchar(200))
BEGIN

if DbOperation='Insert'
then 
 insert into scheduleDaysEvents (Id, StartTime, EndTime,LocationId,EventTypeId,SchId,DAYId, CreatedOn,CreatedById,ModifiedOn,ModifiedById,IsActive ) 
 values(Id, StartTime, EndTime,LocationId,EventTypeId,schId,prm_DAYId, createdOn,createdById,modifiedOn,modifiedById,isActive );
end If;

if DbOperation='Update'
then 
update scheduleDaysEvents set 
 StartTime=startTime,
 EndTime=endTime,
LocationId=LocationId,
EventTypeId=EventTypeId,
 DAYId = prm_DAYId ,
 SchId=schId,
 CreatedOn=createdOn,
 CreatedById=createdById,
 ModifiedOn=modifiedOn,
 ModifiedById=modifiedById,
 IsActive=isActive
 where scheduleDaysEvents.Id= id ;
end If;

if DbOperation='Delete'
then
DELETE FROM scheduleDaysEvents where scheduleDaysEvents.Id=id ;
end if;

if DbOperation='Activate'
then 
update scheduleDaysEvents set IsActive=1
 where scheduleDaysEvents.Id=id;
end iF;

if DbOperation='DeActivate'
then 
update scheduleDaysEvents set IsActive=0
 where scheduleDaysEvents.Id=id;
end iF;

END ;;
DELIMITER ;
/*!50003 SET sql_mode              = @saved_sql_mode */ ;
/*!50003 SET character_set_client  = @saved_cs_client */ ;
/*!50003 SET character_set_results = @saved_cs_results */ ;
/*!50003 SET collation_connection  = @saved_col_connection */ ;
/*!50003 DROP PROCEDURE IF EXISTS `ManageSettings` */;
/*!50003 SET @saved_cs_client      = @@character_set_client */ ;
/*!50003 SET @saved_cs_results     = @@character_set_results */ ;
/*!50003 SET @saved_col_connection = @@collation_connection */ ;
/*!50003 SET character_set_client  = utf8mb4 */ ;
/*!50003 SET character_set_results = utf8mb4 */ ;
/*!50003 SET collation_connection  = utf8mb4_0900_ai_ci */ ;
/*!50003 SET @saved_sql_mode       = @@sql_mode */ ;
/*!50003 SET sql_mode              = 'STRICT_TRANS_TABLES,NO_ENGINE_SUBSTITUTION' */ ;
DELIMITER ;;
CREATE DEFINER=`root`@`localhost` PROCEDURE `ManageSettings`(in id int,
        in enumTypeId int,
        in parentId int,
        in uploadStatus bit,
        in keyCode varchar(2000),
        in isSystemDefined bit,
        in name varchar(500),
        in description varchar(5000),
        in createdOn datetime,
        in createdById int,
        in modifiedOn datetime,
        in modifiedById int,
        in isActive bit,
        in DBoperation varchar(50)
        )
BEGIN
if DBoperation = 'Insert'
then
    
           insert into enumline (Id,KeyCode,IsSystemDefined,UploadStatus,EnumTypeId,ParentId,Name,Description, CreatedOn, CreatedById,
           ModifiedOn, ModifiedById, IsActive ) 
           values (id,keyCode,isSystemDefined,uploadStatus,enumTypeId,parentId,name,description, createdOn, createdById, modifiedOn,
           modifiedById, isActive );
 end if;   
/*update*/
if DBoperation ='Update'
 then
            update enumline set 
            KeyCode=keyCode,
            IsSystemDefined=isSystemDefined,
            UploadStatus=uploadStatus,
						  EnumTypeId=enumTypeId,
                          ParentId=parentId,
                          Name=name,
                          Description=description,
                          CreatedOn=createdOn,
                          CreatedById=createdById,
                          ModifiedOn=modifiedOn,
                          ModifiedById=modifiedById,
						  IsActive=isActive						 
             where enumline.Id =id;
   end if;
IF DBoperation = 'Delete'
    then
            delete from enumline
			where
			enumline.Id=id ; 
        END if;
IF DBoperation = 'Activate'
        then
            update enumline set IsActive=1
			where 
			enumline.Id=id ;
        END if;
IF DBoperation = 'DeActivate'
        then
            update enumline set IsActive=0
			where
			enumline.Id=id;            
        END if;
END ;;
DELIMITER ;
/*!50003 SET sql_mode              = @saved_sql_mode */ ;
/*!50003 SET character_set_client  = @saved_cs_client */ ;
/*!50003 SET character_set_results = @saved_cs_results */ ;
/*!50003 SET collation_connection  = @saved_col_connection */ ;
/*!50003 DROP PROCEDURE IF EXISTS `ManageSettingsType` */;
/*!50003 SET @saved_cs_client      = @@character_set_client */ ;
/*!50003 SET @saved_cs_results     = @@character_set_results */ ;
/*!50003 SET @saved_col_connection = @@collation_connection */ ;
/*!50003 SET character_set_client  = utf8mb4 */ ;
/*!50003 SET character_set_results = utf8mb4 */ ;
/*!50003 SET collation_connection  = utf8mb4_0900_ai_ci */ ;
/*!50003 SET @saved_sql_mode       = @@sql_mode */ ;
/*!50003 SET sql_mode              = 'STRICT_TRANS_TABLES,NO_ENGINE_SUBSTITUTION' */ ;
DELIMITER ;;
CREATE DEFINER=`root`@`localhost` PROCEDURE `ManageSettingsType`(in id int,
        in parentId int,
        in name varchar(500),
		in keyCode varchar(2000),
        in isSystemDefined bit,
         in uploadStatus bit,
        in description varchar(5000),
        in createdOn datetime,
        in createdById int,
        in modifiedOn datetime,
        in modifiedById int,
        in isActive bit,
        in DBoperation varchar(50)
        )
BEGIN
if DBoperation = 'Insert'
then
    
           insert into enums (Id,KeyCode,IsSystemDefined,UploadStatus,ParentId,Name,Description, CreatedOn, CreatedById,
           ModifiedOn, ModifiedById, IsActive ) 
           values (id,keyCode,isSystemDefined,uploadStatus,parentId,name,description, createdOn, createdById, modifiedOn,
           modifiedById, isActive );
 end if;   
/*update*/
 if DBoperation ='Update'
 then
            update enums set 
                          KeyCode=keyCode,
						UploadStatus=uploadStatus,
                          IsSystemDefined=isSystemDefined,
                          ParentId=parentId,
                          Name=name,
                          Description=description,
                          CreatedOn=createdOn,
                          CreatedById=createdById,
                          ModifiedOn=modifiedOn,
                          ModifiedById=modifiedById,
						  IsActive=isActive						 
             where enums.Id =id;
   end if;
   IF DBoperation = 'Delete'
    then
            delete from enums
			where
			enums.Id=id ; 
        END if;
IF DBoperation = 'Activate'
        then
            update enums set IsActive=1
			where 
			enums.Id=id ;
        END if;
IF DBoperation = 'DeActivate'
        then
            update enums set IsActive=0
			where
			enums.Id=id; 
        END if;
END ;;
DELIMITER ;
/*!50003 SET sql_mode              = @saved_sql_mode */ ;
/*!50003 SET character_set_client  = @saved_cs_client */ ;
/*!50003 SET character_set_results = @saved_cs_results */ ;
/*!50003 SET collation_connection  = @saved_col_connection */ ;
/*!50003 DROP PROCEDURE IF EXISTS `ManageTopic` */;
/*!50003 SET @saved_cs_client      = @@character_set_client */ ;
/*!50003 SET @saved_cs_results     = @@character_set_results */ ;
/*!50003 SET @saved_col_connection = @@collation_connection */ ;
/*!50003 SET character_set_client  = utf8mb4 */ ;
/*!50003 SET character_set_results = utf8mb4 */ ;
/*!50003 SET collation_connection  = utf8mb4_0900_ai_ci */ ;
/*!50003 SET @saved_sql_mode       = @@sql_mode */ ;
/*!50003 SET sql_mode              = 'STRICT_TRANS_TABLES,NO_ENGINE_SUBSTITUTION' */ ;
DELIMITER ;;
CREATE DEFINER=`root`@`localhost` PROCEDURE `ManageTopic`(
in id int,
in topicTitle varchar(200),

in courseId int,
in description varchar(1000),

in createdOn datetime,
in createdById int,
in modifiedOn datetime,
in modifiedById int,
in isActive bool,
in DbOperation varchar(200))
BEGIN

if DbOperation='Insert'
then 
 insert into topic (Id, CourseId, TopicTitle,Description,CreatedOn,CreatedById,ModifiedOn,ModifiedById,IsActive ) 
 values(id,courseId, topicTitle,description,createdOn,createdById,modifiedOn,modifiedById,isActive );
end If;

if DbOperation='Update'
then 
update topic set 
 TopicTitle=topicTitle,
 CourseId=courseId,
 Description=description,
 CreatedOn=createdOn,
 CreatedById=createdById,
 ModifiedOn=modifiedOn,
 ModifiedById=modifiedById,
 IsActive=isActive
 where topic.Id= id;
end If;

if DbOperation='Delete'
then
DELETE FROM topic where topic.Id=id;
end if;

if DbOperation='Activate'
then 
update topic set IsActive=1 where topic.Id=id;
end iF;

if DbOperation='DeActivate'
then 
update topic set IsActive=0 where topic.Id=id;
end iF;

END ;;
DELIMITER ;
/*!50003 SET sql_mode              = @saved_sql_mode */ ;
/*!50003 SET character_set_client  = @saved_cs_client */ ;
/*!50003 SET character_set_results = @saved_cs_results */ ;
/*!50003 SET collation_connection  = @saved_col_connection */ ;
/*!50003 DROP PROCEDURE IF EXISTS `ManageUser` */;
/*!50003 SET @saved_cs_client      = @@character_set_client */ ;
/*!50003 SET @saved_cs_results     = @@character_set_results */ ;
/*!50003 SET @saved_col_connection = @@collation_connection */ ;
/*!50003 SET character_set_client  = utf8mb4 */ ;
/*!50003 SET character_set_results = utf8mb4 */ ;
/*!50003 SET collation_connection  = utf8mb4_0900_ai_ci */ ;
/*!50003 SET @saved_sql_mode       = @@sql_mode */ ;
/*!50003 SET sql_mode              = 'STRICT_TRANS_TABLES,NO_ENGINE_SUBSTITUTION' */ ;
DELIMITER ;;
CREATE DEFINER=`root`@`localhost` PROCEDURE `ManageUser`(in id int,
		in email varchar(200),
        in password varchar(200),
		in rememberMe bool,
        in createdOn datetime,
        in createdById int,
        in modifiedOn datetime,
        in modifiedById int,
        in isActive bit,
        in DBoperation varchar(50)
        )
BEGIN
if DBoperation = 'Insert'
then
           insert into   user (Id,Email,Password,RememberMe, CreatedOn, CreatedById,
           ModifiedOn, ModifiedById, IsActive ) 
           values (id,email,password,rememberMe, createdOn, createdById, modifiedOn,
           modifiedById, isActive );
 end if;   
/*update*/
 if DBoperation ='Update'
 then
            update   user set 
                          Email=email,
                          Password=password,
                          RememberMe=rememberMe,
                          CreatedOn=createdOn,
                          CreatedById=createdById,
                          ModifiedOn=modifiedOn,
                          ModifiedById=modifiedById,
						  IsActive=isActive						 
             where   user.Id =id;
   end if;
   IF DBoperation = 'Delete'
    then
            delete from   user
			where
			  user.Id=id ; 
        END if;
IF DBoperation = 'Activate'
        then
            update   user set IsActive=1
			where 
			  user.Id=id ;
        END if;
IF DBoperation = 'DeActivate'
        then
            update   user set IsActive=0
			where
			  user.Id=id; 
        END if;
END ;;
DELIMITER ;
/*!50003 SET sql_mode              = @saved_sql_mode */ ;
/*!50003 SET character_set_client  = @saved_cs_client */ ;
/*!50003 SET character_set_results = @saved_cs_results */ ;
/*!50003 SET collation_connection  = @saved_col_connection */ ;
/*!50003 DROP PROCEDURE IF EXISTS `Manage_Attendance` */;
/*!50003 SET @saved_cs_client      = @@character_set_client */ ;
/*!50003 SET @saved_cs_results     = @@character_set_results */ ;
/*!50003 SET @saved_col_connection = @@collation_connection */ ;
/*!50003 SET character_set_client  = utf8mb4 */ ;
/*!50003 SET character_set_results = utf8mb4 */ ;
/*!50003 SET collation_connection  = utf8mb4_0900_ai_ci */ ;
/*!50003 SET @saved_sql_mode       = @@sql_mode */ ;
/*!50003 SET sql_mode              = 'STRICT_TRANS_TABLES,NO_ENGINE_SUBSTITUTION' */ ;
DELIMITER ;;
CREATE DEFINER=`root`@`localhost` PROCEDURE `Manage_Attendance`( In prm_Filter varchar (50),
In prm_Id int ,
  In prm_UserId   Varchar(255),
  In prm_InTime  Varchar(50) ,
   In prm_OutTime Varchar(50) ,
  In prm_WorkedHours Varchar(50) ,
  In prm_Date datetime ,
  IN prm_CreatedBy INT,
  IN prm_CreatedOn datetime ( 0 ),
  IN prm_ModifiedBy INT,
  IN prm_ModifiedOn datetime ( 0 ),
  In prm_IsActive bit ( 1 )
  
 -- OUT prm_RetVal INT
 )
BEGIN

	

	-- SET prm_RetVal =- 1;

	IF

		( prm_Filter = 'Insert' ) THEN

		BEGIN
 
			insert into Tasks (Id, UserId ,InTime ,OutTime ,WorkedHours ,Date, CreatedBy, CreatedOn, IsActive) 
			values (prm_Id, prm_UserId  ,prm_InTime ,prm_OutTime ,prm_WorkedHours ,prm_Date,  prm_CreatedBy, prm_CreatedOn, prm_IsActive );

			-- SET prm_RetVal = LAST_INSERT_ID();

		END;

		ELSE

		IF

			( prm_Filter = 'Update' ) THEN

			BEGIN

				Update tasks
				Set 
             UserId= prm_UserId,
			  UserId= prm_UserId  ,
			  InTime=prm_InTime ,
			  OutTime=prm_OutTime ,
			  WorkedHours= prm_WorkedHours ,
			  Date= prm_Date,
              ModifiedBy = prm_ModifiedBy,
				ModifiedOn = prm_ModifiedOn,
				IsActive = prm_IsActive
				Where Id = prm_Id;

				-- SET prm_RetVal = prm_Id;

			END;

			ELSE

			IF

				( prm_Filter = 'Delete' ) THEN

				BEGIN

					DELETE FROM `Tasks` 
					WHERE Id = prm_Id;

					-- SET prm_RetVal = prm_Id;

				END;

				ELSE

				IF

					( prm_Filter = 'Disable' ) THEN

					BEGIN

							UPDATE `Tasks` 

							SET IsActive = 0,

							ModifiedBy = prm_ModifiedBy,

							ModifiedOn = prm_ModifiedOn 

						WHERE

							Id = prm_Id;

					-- 	SET prm_RetVal = prm_Id;

					END;

				END IF;

			END IF;

		END IF;

	END IF;

END ;;
DELIMITER ;
/*!50003 SET sql_mode              = @saved_sql_mode */ ;
/*!50003 SET character_set_client  = @saved_cs_client */ ;
/*!50003 SET character_set_results = @saved_cs_results */ ;
/*!50003 SET collation_connection  = @saved_col_connection */ ;
/*!50003 DROP PROCEDURE IF EXISTS `Manage_City` */;
/*!50003 SET @saved_cs_client      = @@character_set_client */ ;
/*!50003 SET @saved_cs_results     = @@character_set_results */ ;
/*!50003 SET @saved_col_connection = @@collation_connection */ ;
/*!50003 SET character_set_client  = utf8mb4 */ ;
/*!50003 SET character_set_results = utf8mb4 */ ;
/*!50003 SET collation_connection  = utf8mb4_0900_ai_ci */ ;
/*!50003 SET @saved_sql_mode       = @@sql_mode */ ;
/*!50003 SET sql_mode              = 'STRICT_TRANS_TABLES,NO_ENGINE_SUBSTITUTION' */ ;
DELIMITER ;;
CREATE DEFINER=`root`@`localhost` PROCEDURE `Manage_City`( In prm_Filter varchar (50),
In prm_Id int ,
  In prm_Name  Varchar(50),
 IN prm_CreatedBy INT,
  IN prm_CreatedOn datetime ( 0 ),
  IN prm_ModifiedBy INT,
  IN prm_ModifiedOn datetime ( 0 ),
  In prm_IsActive bit ( 1 )
  
 -- OUT prm_RetVal INT
 )
BEGIN

	

	-- SET prm_RetVal =- 1;

	IF

		( prm_Filter = 'Insert' ) THEN

		BEGIN

			insert into City (Id, Name,CreatedBy, CreatedOn, IsActive) 
			values (prm_Id, prm_Name, prm_CreatedBy, prm_CreatedOn, prm_IsActive );

			-- SET prm_RetVal = LAST_INSERT_ID();

		END;

		ELSE

		IF

			( prm_Filter = 'Update' ) THEN

			BEGIN

				Update City
				Set 
				Name = prm_Name,
              ModifiedBy = prm_ModifiedBy,
				ModifiedOn = prm_ModifiedOn,
				IsActive = prm_IsActive
				Where Id = prm_Id;

				-- SET prm_RetVal = prm_Id;

			END;

			ELSE

			IF

				( prm_Filter = 'Delete' ) THEN

				BEGIN

					DELETE FROM `City` 
					WHERE Id = prm_Id;

					-- SET prm_RetVal = prm_Id;

				END;

				ELSE

				IF

					( prm_Filter = 'Disable' ) THEN

					BEGIN

							UPDATE `City` 

							SET IsActive = 0,

							ModifiedBy = prm_ModifiedBy,

							ModifiedOn = prm_ModifiedOn 

						WHERE

							Id = prm_Id;

					-- 	SET prm_RetVal = prm_Id;

					END;

				END IF;

			END IF;

		END IF;

	END IF;

END ;;
DELIMITER ;
/*!50003 SET sql_mode              = @saved_sql_mode */ ;
/*!50003 SET character_set_client  = @saved_cs_client */ ;
/*!50003 SET character_set_results = @saved_cs_results */ ;
/*!50003 SET collation_connection  = @saved_col_connection */ ;
/*!50003 DROP PROCEDURE IF EXISTS `Manage_Schedule` */;
/*!50003 SET @saved_cs_client      = @@character_set_client */ ;
/*!50003 SET @saved_cs_results     = @@character_set_results */ ;
/*!50003 SET @saved_col_connection = @@collation_connection */ ;
/*!50003 SET character_set_client  = utf8mb4 */ ;
/*!50003 SET character_set_results = utf8mb4 */ ;
/*!50003 SET collation_connection  = utf8mb4_0900_ai_ci */ ;
/*!50003 SET @saved_sql_mode       = @@sql_mode */ ;
/*!50003 SET sql_mode              = 'STRICT_TRANS_TABLES,NO_ENGINE_SUBSTITUTION' */ ;
DELIMITER ;;
CREATE DEFINER=`root`@`localhost` PROCEDURE `Manage_Schedule`( In prm_Filter varchar (50),
In prm_Id int ,
  In prm_UserId   Varchar(50),
  In prm_RoleId  Varchar(50) ,
   In prm_EntityId int ,
   In prm_ScheduleTypeId  int ,
  In prm_WorkingTypeId int ,
  In prm_WorkingHours Varchar(500) ,
  In prm_StartDate datetime ,
  In prm_EndDate datetime ,
  IN prm_CreatedBy INT,
  IN prm_CreatedOn datetime ( 0 ),
  IN prm_ModifiedBy INT,
  IN prm_ModifiedOn datetime ( 0 ),
  In prm_IsActive bit ( 1 )
  
 -- OUT prm_RetVal INT
 )
BEGIN

	

	-- SET prm_RetVal =- 1;

	IF

		( prm_Filter = 'Insert' ) THEN

		BEGIN

			insert into Schedule (Id, UserId, RoleId, EntityId,ScheduleTypeId ,WorkingTypeId ,WorkingHours,StartDate, EndDate, CreatedBy, CreatedOn, IsActive) 
			values (prm_Id, prm_UserId, prm_RoleId,prm_EntityId, prm_ScheduleTypeId , prm_WorkingTypeId ,prm_WorkingHours ,prm_StartDate, prm_EndDate,  prm_CreatedBy, prm_CreatedOn, prm_IsActive );

			-- SET prm_RetVal = LAST_INSERT_ID();

		END;

		ELSE

		IF

			( prm_Filter = 'Update' ) THEN

			BEGIN

				Update Schedule
				Set 
             UserId= prm_UserId,
             RoleId= prm_RoleId,
             EntityId= prm_EntityId,
             ScheduleTypeId = prm_ScheduleTypeId,
            WorkingTypeId = prm_WorkingTypeId ,
            WorkingHours= prm_WorkingHours ,
             StartDate = prm_StartDate,
            EndDate = prm_EndDate,
              ModifiedBy = prm_ModifiedBy,
				ModifiedOn = prm_ModifiedOn,
				IsActive = prm_IsActive
				Where Id = prm_Id;

				-- SET prm_RetVal = prm_Id;

			END;

			ELSE

			IF

				( prm_Filter = 'Delete' ) THEN

				BEGIN

					DELETE FROM `Schedule` 
					WHERE Id = prm_Id;

					-- SET prm_RetVal = prm_Id;

				END;

				ELSE

				IF

					( prm_Filter = 'Disable' ) THEN

					BEGIN

							UPDATE `Schedule` 

							SET IsActive = 0,

							ModifiedBy = prm_ModifiedBy,

							ModifiedOn = prm_ModifiedOn 

						WHERE

							Id = prm_Id;

					-- 	SET prm_RetVal = prm_Id;

					END;

				END IF;

			END IF;

		END IF;

	END IF;

END ;;
DELIMITER ;
/*!50003 SET sql_mode              = @saved_sql_mode */ ;
/*!50003 SET character_set_client  = @saved_cs_client */ ;
/*!50003 SET character_set_results = @saved_cs_results */ ;
/*!50003 SET collation_connection  = @saved_col_connection */ ;
/*!50003 DROP PROCEDURE IF EXISTS `Manage_Student` */;
/*!50003 SET @saved_cs_client      = @@character_set_client */ ;
/*!50003 SET @saved_cs_results     = @@character_set_results */ ;
/*!50003 SET @saved_col_connection = @@collation_connection */ ;
/*!50003 SET character_set_client  = utf8mb4 */ ;
/*!50003 SET character_set_results = utf8mb4 */ ;
/*!50003 SET collation_connection  = utf8mb4_0900_ai_ci */ ;
/*!50003 SET @saved_sql_mode       = @@sql_mode */ ;
/*!50003 SET sql_mode              = 'STRICT_TRANS_TABLES,NO_ENGINE_SUBSTITUTION' */ ;
DELIMITER ;;
CREATE DEFINER=`root`@`localhost` PROCEDURE `Manage_Student`( In prm_Filter varchar (50),
In prm_Id int ,
  In prm_CityId  int,
  In prm_CellNo  Varchar(45),
 In prm_Name  Varchar(50),
  In prm_Email  Varchar(50),
  IN prm_CreatedBy INT,
  IN prm_CreatedOn datetime ( 0 ),
  IN prm_ModifiedBy INT,
  IN prm_ModifiedOn datetime ( 0 ),
  In prm_IsActive bit ( 1 )
  
 -- OUT prm_RetVal INT
 )
BEGIN

	

	-- SET prm_RetVal =- 1;

	IF

		( prm_Filter = 'Insert' ) THEN

		BEGIN

			insert into Student (Id, CityId,CellNo,  Name, Email, CreatedBy, CreatedOn, IsActive) 
			values (prm_Id, prm_CityId,prm_CellNo, prm_Name, prm_Email, prm_CreatedBy, prm_CreatedOn, prm_IsActive );

			-- SET prm_RetVal = LAST_INSERT_ID();

		END;

		ELSE

		IF

			( prm_Filter = 'Update' ) THEN

			BEGIN

				Update Student
				Set 
                	CityId = prm_CityId,
            CellNo = prm_CellNo,
				Name = prm_Name,
               Email = prm_Email,
              ModifiedBy = prm_ModifiedBy,
				ModifiedOn = prm_ModifiedOn,
				IsActive = prm_IsActive
				Where Id = prm_Id;

				-- SET prm_RetVal = prm_Id;

			END;

			ELSE

			IF

				( prm_Filter = 'Delete' ) THEN

				BEGIN

					DELETE FROM `Student` 
					WHERE Id = prm_Id;

					-- SET prm_RetVal = prm_Id;

				END;

				ELSE

				IF

					( prm_Filter = 'Disable' ) THEN

					BEGIN

							UPDATE `Student` 

							SET IsActive = 0,

							ModifiedBy = prm_ModifiedBy,

							ModifiedOn = prm_ModifiedOn 

						WHERE

							Id = prm_Id;

					-- 	SET prm_RetVal = prm_Id;

					END;

				END IF;

			END IF;

		END IF;

	END IF;

END ;;
DELIMITER ;
/*!50003 SET sql_mode              = @saved_sql_mode */ ;
/*!50003 SET character_set_client  = @saved_cs_client */ ;
/*!50003 SET character_set_results = @saved_cs_results */ ;
/*!50003 SET collation_connection  = @saved_col_connection */ ;
/*!50003 DROP PROCEDURE IF EXISTS `Manage_Task` */;
/*!50003 SET @saved_cs_client      = @@character_set_client */ ;
/*!50003 SET @saved_cs_results     = @@character_set_results */ ;
/*!50003 SET @saved_col_connection = @@collation_connection */ ;
/*!50003 SET character_set_client  = utf8mb4 */ ;
/*!50003 SET character_set_results = utf8mb4 */ ;
/*!50003 SET collation_connection  = utf8mb4_0900_ai_ci */ ;
/*!50003 SET @saved_sql_mode       = @@sql_mode */ ;
/*!50003 SET sql_mode              = 'STRICT_TRANS_TABLES,NO_ENGINE_SUBSTITUTION' */ ;
DELIMITER ;;
CREATE DEFINER=`root`@`localhost` PROCEDURE `Manage_Task`( In prm_Filter varchar (50),
In prm_Id int ,
  In prm_UserId   Varchar(255),
  In prm_PriorityId  int ,
   In prm_StatusId int ,
   In prm_ModuleId  int ,
  In prm_TaskTitle  Varchar(255) ,
  In prm_StoryPoints Varchar(500) ,
  In prm_SPs double ,
  In prm_Date datetime ,
    In prm_DayEndStatus INT ,
  IN prm_CreatedBy INT,
  IN prm_CreatedOn datetime ( 0 ),
  IN prm_ModifiedBy INT,
  IN prm_ModifiedOn datetime ( 0 ),
  In prm_IsActive bit ( 1 )
  
 -- OUT prm_RetVal INT
 )
BEGIN

	

	-- SET prm_RetVal =- 1;

	IF

		( prm_Filter = 'Insert' ) THEN

		BEGIN

			insert into Tasks (Id, UserId, PriorityId, StatusId,ModuleId ,TaskTitle ,StoryPoints,SPs ,Date, DayEndStatus, CreatedBy, CreatedOn, IsActive) 
			values (prm_Id, prm_UserId, prm_PriorityId,prm_StatusId, prm_ModuleId , prm_TaskTitle ,prm_StoryPoints ,prm_SPs, prm_Date,prm_DayEndStatus,  prm_CreatedBy, prm_CreatedOn, prm_IsActive );

			-- SET prm_RetVal = LAST_INSERT_ID();

		END;

		ELSE

		IF

			( prm_Filter = 'Update' ) THEN

			BEGIN

				Update Tasks
				Set 
             UserId= prm_UserId,
             PriorityId=prm_PriorityId,
            StatusId= prm_StatusId, 
             ModuleId=prm_ModuleId ,
            TaskTitle= prm_TaskTitle ,
             StoryPoints=prm_StoryPoints ,
             SPs=prm_SPs, 
             Date=prm_Date,
             DayEndStatus=prm_DayEndStatus,
              ModifiedBy = prm_ModifiedBy,
				ModifiedOn = prm_ModifiedOn,
				IsActive = prm_IsActive
				Where Id = prm_Id;

				-- SET prm_RetVal = prm_Id;

			END;

			ELSE

			IF

				( prm_Filter = 'Delete' ) THEN

				BEGIN

					DELETE FROM `Tasks` 
					WHERE Id = prm_Id;

					-- SET prm_RetVal = prm_Id;

				END;

				ELSE

				IF

					( prm_Filter = 'Disable' ) THEN

					BEGIN

							UPDATE `Taska` 

							SET IsActive = 0,

							ModifiedBy = prm_ModifiedBy,

							ModifiedOn = prm_ModifiedOn 

						WHERE

							Id = prm_Id;

					-- 	SET prm_RetVal = prm_Id;

					END;

				END IF;

			END IF;

		END IF;

	END IF;

END ;;
DELIMITER ;
/*!50003 SET sql_mode              = @saved_sql_mode */ ;
/*!50003 SET character_set_client  = @saved_cs_client */ ;
/*!50003 SET character_set_results = @saved_cs_results */ ;
/*!50003 SET collation_connection  = @saved_col_connection */ ;
/*!50003 DROP PROCEDURE IF EXISTS `Manage_Vocabulary` */;
/*!50003 SET @saved_cs_client      = @@character_set_client */ ;
/*!50003 SET @saved_cs_results     = @@character_set_results */ ;
/*!50003 SET @saved_col_connection = @@collation_connection */ ;
/*!50003 SET character_set_client  = utf8mb4 */ ;
/*!50003 SET character_set_results = utf8mb4 */ ;
/*!50003 SET collation_connection  = utf8mb4_0900_ai_ci */ ;
/*!50003 SET @saved_sql_mode       = @@sql_mode */ ;
/*!50003 SET sql_mode              = 'STRICT_TRANS_TABLES,NO_ENGINE_SUBSTITUTION' */ ;
DELIMITER ;;
CREATE DEFINER=`root`@`localhost` PROCEDURE `Manage_Vocabulary`( In prm_Filter varchar (50),
In prm_Id int ,
  In prm_Word  Varchar(50),
  In prm_Meaning Varchar(50) ,
  In prm_Reference  Varchar(500),
  In prm_Sentance Varchar(5000) ,
  In prm_Pronunciation  Varchar(1000),
  In prm_Translation Varchar(100) ,
  IN prm_CreatedBy INT,
  IN prm_CreatedOn datetime ( 0 ),
  IN prm_ModifiedBy INT,
  IN prm_ModifiedOn datetime ( 0 ),
  In prm_IsActive bit ( 1 )
  
 -- OUT prm_RetVal INT
 )
BEGIN

	

	-- SET prm_RetVal =- 1;

	IF

		( prm_Filter = 'Insert' ) THEN

		BEGIN

			insert into Vocabulary (Id, Word, Meaning, Reference, Sentance, Pronunciation, Translation,  CreatedBy, CreatedOn, IsActive) 
			values (prm_Id, prm_Word, prm_Meaning,prm_Reference,prm_Sentance,prm_Pronunciation,prm_Translation, prm_CreatedBy, prm_CreatedOn, prm_IsActive );

			-- SET prm_RetVal = LAST_INSERT_ID();

		END;

		ELSE

		IF

			( prm_Filter = 'Update' ) THEN

			BEGIN

				Update Vocabulary
				Set 
				Word = prm_Word,
               Meaning = prm_Meaning,
             Reference = prm_Reference,
              Sentance = prm_Sentance,
              Pronunciation = prm_Pronunciation, 
             Translation = prm_Translation,
              ModifiedBy = prm_ModifiedBy,
				ModifiedOn = prm_ModifiedOn,
				IsActive = prm_IsActive
				Where Id = prm_Id;

				-- SET prm_RetVal = prm_Id;

			END;

			ELSE

			IF

				( prm_Filter = 'Delete' ) THEN

				BEGIN

					DELETE FROM `Vocabulary` 
					WHERE Id = prm_Id;

					-- SET prm_RetVal = prm_Id;

				END;

				ELSE

				IF

					( prm_Filter = 'Disable' ) THEN

					BEGIN

							UPDATE `Vocabulary` 

							SET IsActive = 0,

							ModifiedBy = prm_ModifiedBy,

							ModifiedOn = prm_ModifiedOn 

						WHERE

							Id = prm_Id;

					-- 	SET prm_RetVal = prm_Id;

					END;

				END IF;

			END IF;

		END IF;

	END IF;

END ;;
DELIMITER ;
/*!50003 SET sql_mode              = @saved_sql_mode */ ;
/*!50003 SET character_set_client  = @saved_cs_client */ ;
/*!50003 SET character_set_results = @saved_cs_results */ ;
/*!50003 SET collation_connection  = @saved_col_connection */ ;
/*!50003 DROP PROCEDURE IF EXISTS `SearchAssignTask` */;
/*!50003 SET @saved_cs_client      = @@character_set_client */ ;
/*!50003 SET @saved_cs_results     = @@character_set_results */ ;
/*!50003 SET @saved_col_connection = @@collation_connection */ ;
/*!50003 SET character_set_client  = utf8mb4 */ ;
/*!50003 SET character_set_results = utf8mb4 */ ;
/*!50003 SET collation_connection  = utf8mb4_0900_ai_ci */ ;
/*!50003 SET @saved_sql_mode       = @@sql_mode */ ;
/*!50003 SET sql_mode              = 'STRICT_TRANS_TABLES,NO_ENGINE_SUBSTITUTION' */ ;
DELIMITER ;;
CREATE DEFINER=`root`@`localhost` PROCEDURE `SearchAssignTask`( in WhereClause varchar(5000))
BEGIN
 set @queryStr= "select * from `vw_assigntask`";
 set @queryStr= concat(@queryStr, WhereClause);
 prepare stm1
 from @queryStr;
 execute stm1;
 deallocate prepare stm1;
END ;;
DELIMITER ;
/*!50003 SET sql_mode              = @saved_sql_mode */ ;
/*!50003 SET character_set_client  = @saved_cs_client */ ;
/*!50003 SET character_set_results = @saved_cs_results */ ;
/*!50003 SET collation_connection  = @saved_col_connection */ ;
/*!50003 DROP PROCEDURE IF EXISTS `SearchAttendance` */;
/*!50003 SET @saved_cs_client      = @@character_set_client */ ;
/*!50003 SET @saved_cs_results     = @@character_set_results */ ;
/*!50003 SET @saved_col_connection = @@collation_connection */ ;
/*!50003 SET character_set_client  = utf8mb4 */ ;
/*!50003 SET character_set_results = utf8mb4 */ ;
/*!50003 SET collation_connection  = utf8mb4_0900_ai_ci */ ;
/*!50003 SET @saved_sql_mode       = @@sql_mode */ ;
/*!50003 SET sql_mode              = 'STRICT_TRANS_TABLES,NO_ENGINE_SUBSTITUTION' */ ;
DELIMITER ;;
CREATE DEFINER=`root`@`localhost` PROCEDURE `SearchAttendance`(in whereClause varchar(5000))
BEGIN
  set @querystr ='select * 
			FROM
			`lms`.`vw_Attendance`  ';
    set @querystr= concat(@querystr,whereClause);
	PREPARE stmt1 
	FROM
		@querystr;
	EXECUTE stmt1;
	DEALLOCATE PREPARE stmt1;
END ;;
DELIMITER ;
/*!50003 SET sql_mode              = @saved_sql_mode */ ;
/*!50003 SET character_set_client  = @saved_cs_client */ ;
/*!50003 SET character_set_results = @saved_cs_results */ ;
/*!50003 SET collation_connection  = @saved_col_connection */ ;
/*!50003 DROP PROCEDURE IF EXISTS `SearchCityStudent` */;
/*!50003 SET @saved_cs_client      = @@character_set_client */ ;
/*!50003 SET @saved_cs_results     = @@character_set_results */ ;
/*!50003 SET @saved_col_connection = @@collation_connection */ ;
/*!50003 SET character_set_client  = utf8mb4 */ ;
/*!50003 SET character_set_results = utf8mb4 */ ;
/*!50003 SET collation_connection  = utf8mb4_0900_ai_ci */ ;
/*!50003 SET @saved_sql_mode       = @@sql_mode */ ;
/*!50003 SET sql_mode              = 'STRICT_TRANS_TABLES,NO_ENGINE_SUBSTITUTION' */ ;
DELIMITER ;;
CREATE DEFINER=`root`@`localhost` PROCEDURE `SearchCityStudent`( in WhereClause varchar(5000))
BEGIN
 set @queryStr= "select * from `vw_CityStudent`";
 set @queryStr= concat(@queryStr, WhereClause);
 prepare stm1
 from @queryStr;
 execute stm1;
 deallocate prepare stm1;
END ;;
DELIMITER ;
/*!50003 SET sql_mode              = @saved_sql_mode */ ;
/*!50003 SET character_set_client  = @saved_cs_client */ ;
/*!50003 SET character_set_results = @saved_cs_results */ ;
/*!50003 SET collation_connection  = @saved_col_connection */ ;
/*!50003 DROP PROCEDURE IF EXISTS `SearchClassTiming` */;
/*!50003 SET @saved_cs_client      = @@character_set_client */ ;
/*!50003 SET @saved_cs_results     = @@character_set_results */ ;
/*!50003 SET @saved_col_connection = @@collation_connection */ ;
/*!50003 SET character_set_client  = utf8mb4 */ ;
/*!50003 SET character_set_results = utf8mb4 */ ;
/*!50003 SET collation_connection  = utf8mb4_0900_ai_ci */ ;
/*!50003 SET @saved_sql_mode       = @@sql_mode */ ;
/*!50003 SET sql_mode              = 'STRICT_TRANS_TABLES,NO_ENGINE_SUBSTITUTION' */ ;
DELIMITER ;;
CREATE DEFINER=`root`@`localhost` PROCEDURE `SearchClassTiming`(in whereClause varchar(5000))
BEGIN
     set @querystr ='select * 
			FROM
			`lms`.`vw_classtiming`  ';
    set @querystr= concat(@querystr,whereClause);
	PREPARE stmt1 
	FROM
		@querystr;
	EXECUTE stmt1;
	DEALLOCATE PREPARE stmt1;
END ;;
DELIMITER ;
/*!50003 SET sql_mode              = @saved_sql_mode */ ;
/*!50003 SET character_set_client  = @saved_cs_client */ ;
/*!50003 SET character_set_results = @saved_cs_results */ ;
/*!50003 SET collation_connection  = @saved_col_connection */ ;
/*!50003 DROP PROCEDURE IF EXISTS `SearchCourse` */;
/*!50003 SET @saved_cs_client      = @@character_set_client */ ;
/*!50003 SET @saved_cs_results     = @@character_set_results */ ;
/*!50003 SET @saved_col_connection = @@collation_connection */ ;
/*!50003 SET character_set_client  = utf8mb4 */ ;
/*!50003 SET character_set_results = utf8mb4 */ ;
/*!50003 SET collation_connection  = utf8mb4_0900_ai_ci */ ;
/*!50003 SET @saved_sql_mode       = @@sql_mode */ ;
/*!50003 SET sql_mode              = 'STRICT_TRANS_TABLES,NO_ENGINE_SUBSTITUTION' */ ;
DELIMITER ;;
CREATE DEFINER=`root`@`localhost` PROCEDURE `SearchCourse`(in whereClause varchar(5000))
BEGIN
     set @querystr ='select * 
			FROM
			`lms`.`course`  ';
    set @querystr= concat(@querystr,whereClause);
	PREPARE stmt1 
	FROM
		@querystr;
	EXECUTE stmt1;
	DEALLOCATE PREPARE stmt1;
END ;;
DELIMITER ;
/*!50003 SET sql_mode              = @saved_sql_mode */ ;
/*!50003 SET character_set_client  = @saved_cs_client */ ;
/*!50003 SET character_set_results = @saved_cs_results */ ;
/*!50003 SET collation_connection  = @saved_col_connection */ ;
/*!50003 DROP PROCEDURE IF EXISTS `SearchCourseDetail` */;
/*!50003 SET @saved_cs_client      = @@character_set_client */ ;
/*!50003 SET @saved_cs_results     = @@character_set_results */ ;
/*!50003 SET @saved_col_connection = @@collation_connection */ ;
/*!50003 SET character_set_client  = utf8mb4 */ ;
/*!50003 SET character_set_results = utf8mb4 */ ;
/*!50003 SET collation_connection  = utf8mb4_0900_ai_ci */ ;
/*!50003 SET @saved_sql_mode       = @@sql_mode */ ;
/*!50003 SET sql_mode              = 'STRICT_TRANS_TABLES,NO_ENGINE_SUBSTITUTION' */ ;
DELIMITER ;;
CREATE DEFINER=`root`@`localhost` PROCEDURE `SearchCourseDetail`(in whereClause varchar(5000))
BEGIN
     set @querystr ='select * 
			FROM
			`lms`.`coursedetail`  ';
    set @querystr= concat(@querystr,whereClause);
	PREPARE stmt1 
	FROM
		@querystr;
	EXECUTE stmt1;
	DEALLOCATE PREPARE stmt1;
END ;;
DELIMITER ;
/*!50003 SET sql_mode              = @saved_sql_mode */ ;
/*!50003 SET character_set_client  = @saved_cs_client */ ;
/*!50003 SET character_set_results = @saved_cs_results */ ;
/*!50003 SET collation_connection  = @saved_col_connection */ ;
/*!50003 DROP PROCEDURE IF EXISTS `SearchCourseSchedule` */;
/*!50003 SET @saved_cs_client      = @@character_set_client */ ;
/*!50003 SET @saved_cs_results     = @@character_set_results */ ;
/*!50003 SET @saved_col_connection = @@collation_connection */ ;
/*!50003 SET character_set_client  = utf8mb4 */ ;
/*!50003 SET character_set_results = utf8mb4 */ ;
/*!50003 SET collation_connection  = utf8mb4_0900_ai_ci */ ;
/*!50003 SET @saved_sql_mode       = @@sql_mode */ ;
/*!50003 SET sql_mode              = 'STRICT_TRANS_TABLES,NO_ENGINE_SUBSTITUTION' */ ;
DELIMITER ;;
CREATE DEFINER=`root`@`localhost` PROCEDURE `SearchCourseSchedule`(in whereClause varchar(5000))
BEGIN
     set @querystr ='select * 
			FROM
			`lms`.`vw_courseschedule`  ';
    set @querystr= concat(@querystr,whereClause);
	PREPARE stmt1 
	FROM
		@querystr;
	EXECUTE stmt1;
	DEALLOCATE PREPARE stmt1;
END ;;
DELIMITER ;
/*!50003 SET sql_mode              = @saved_sql_mode */ ;
/*!50003 SET character_set_client  = @saved_cs_client */ ;
/*!50003 SET character_set_results = @saved_cs_results */ ;
/*!50003 SET collation_connection  = @saved_col_connection */ ;
/*!50003 DROP PROCEDURE IF EXISTS `SearchInquiry` */;
/*!50003 SET @saved_cs_client      = @@character_set_client */ ;
/*!50003 SET @saved_cs_results     = @@character_set_results */ ;
/*!50003 SET @saved_col_connection = @@collation_connection */ ;
/*!50003 SET character_set_client  = utf8mb4 */ ;
/*!50003 SET character_set_results = utf8mb4 */ ;
/*!50003 SET collation_connection  = utf8mb4_0900_ai_ci */ ;
/*!50003 SET @saved_sql_mode       = @@sql_mode */ ;
/*!50003 SET sql_mode              = 'STRICT_TRANS_TABLES,NO_ENGINE_SUBSTITUTION' */ ;
DELIMITER ;;
CREATE DEFINER=`root`@`localhost` PROCEDURE `SearchInquiry`(in whereClause varchar(5000))
BEGIN
     set @querystr ='select * 
			FROM
			`lms`.`inquiry`  ';
    set @querystr= concat(@querystr,whereClause);
	PREPARE stmt1 
	FROM
		@querystr;
	EXECUTE stmt1;
	DEALLOCATE PREPARE stmt1;
END ;;
DELIMITER ;
/*!50003 SET sql_mode              = @saved_sql_mode */ ;
/*!50003 SET character_set_client  = @saved_cs_client */ ;
/*!50003 SET character_set_results = @saved_cs_results */ ;
/*!50003 SET collation_connection  = @saved_col_connection */ ;
/*!50003 DROP PROCEDURE IF EXISTS `SearchLecture` */;
/*!50003 SET @saved_cs_client      = @@character_set_client */ ;
/*!50003 SET @saved_cs_results     = @@character_set_results */ ;
/*!50003 SET @saved_col_connection = @@collation_connection */ ;
/*!50003 SET character_set_client  = utf8mb4 */ ;
/*!50003 SET character_set_results = utf8mb4 */ ;
/*!50003 SET collation_connection  = utf8mb4_0900_ai_ci */ ;
/*!50003 SET @saved_sql_mode       = @@sql_mode */ ;
/*!50003 SET sql_mode              = 'STRICT_TRANS_TABLES,NO_ENGINE_SUBSTITUTION' */ ;
DELIMITER ;;
CREATE DEFINER=`root`@`localhost` PROCEDURE `SearchLecture`(in whereClause varchar(5000))
BEGIN
     set @querystr ='select * FROM vw_lecture ';
    set @querystr= concat(@querystr,whereClause);
	PREPARE stmt1 
	FROM
		@querystr;
	EXECUTE stmt1;
	DEALLOCATE PREPARE stmt1;
END ;;
DELIMITER ;
/*!50003 SET sql_mode              = @saved_sql_mode */ ;
/*!50003 SET character_set_client  = @saved_cs_client */ ;
/*!50003 SET character_set_results = @saved_cs_results */ ;
/*!50003 SET collation_connection  = @saved_col_connection */ ;
/*!50003 DROP PROCEDURE IF EXISTS `SearchSchedule` */;
/*!50003 SET @saved_cs_client      = @@character_set_client */ ;
/*!50003 SET @saved_cs_results     = @@character_set_results */ ;
/*!50003 SET @saved_col_connection = @@collation_connection */ ;
/*!50003 SET character_set_client  = utf8mb4 */ ;
/*!50003 SET character_set_results = utf8mb4 */ ;
/*!50003 SET collation_connection  = utf8mb4_0900_ai_ci */ ;
/*!50003 SET @saved_sql_mode       = @@sql_mode */ ;
/*!50003 SET sql_mode              = 'STRICT_TRANS_TABLES,NO_ENGINE_SUBSTITUTION' */ ;
DELIMITER ;;
CREATE DEFINER=`root`@`localhost` PROCEDURE `SearchSchedule`(in whereClause varchar(5000))
BEGIN
  set @querystr ='select * 
			FROM
			`lms`.`vw_Schedule`  ';
    set @querystr= concat(@querystr,whereClause);
	PREPARE stmt1 
	FROM
		@querystr;
	EXECUTE stmt1;
	DEALLOCATE PREPARE stmt1;
END ;;
DELIMITER ;
/*!50003 SET sql_mode              = @saved_sql_mode */ ;
/*!50003 SET character_set_client  = @saved_cs_client */ ;
/*!50003 SET character_set_results = @saved_cs_results */ ;
/*!50003 SET collation_connection  = @saved_col_connection */ ;
/*!50003 DROP PROCEDURE IF EXISTS `SearchScheduleDayEvents` */;
/*!50003 SET @saved_cs_client      = @@character_set_client */ ;
/*!50003 SET @saved_cs_results     = @@character_set_results */ ;
/*!50003 SET @saved_col_connection = @@collation_connection */ ;
/*!50003 SET character_set_client  = utf8mb4 */ ;
/*!50003 SET character_set_results = utf8mb4 */ ;
/*!50003 SET collation_connection  = utf8mb4_0900_ai_ci */ ;
/*!50003 SET @saved_sql_mode       = @@sql_mode */ ;
/*!50003 SET sql_mode              = 'STRICT_TRANS_TABLES,NO_ENGINE_SUBSTITUTION' */ ;
DELIMITER ;;
CREATE DEFINER=`root`@`localhost` PROCEDURE `SearchScheduleDayEvents`( in WhereClause varchar(5000))
BEGIN
 set @queryStr= "select * from `vw_scheduledayevents`";
 set @queryStr= concat(@queryStr, WhereClause);
 prepare stm1
 from @queryStr;
 execute stm1;
 deallocate prepare stm1;
END ;;
DELIMITER ;
/*!50003 SET sql_mode              = @saved_sql_mode */ ;
/*!50003 SET character_set_client  = @saved_cs_client */ ;
/*!50003 SET character_set_results = @saved_cs_results */ ;
/*!50003 SET collation_connection  = @saved_col_connection */ ;
/*!50003 DROP PROCEDURE IF EXISTS `SearchSettings` */;
/*!50003 SET @saved_cs_client      = @@character_set_client */ ;
/*!50003 SET @saved_cs_results     = @@character_set_results */ ;
/*!50003 SET @saved_col_connection = @@collation_connection */ ;
/*!50003 SET character_set_client  = utf8mb4 */ ;
/*!50003 SET character_set_results = utf8mb4 */ ;
/*!50003 SET collation_connection  = utf8mb4_0900_ai_ci */ ;
/*!50003 SET @saved_sql_mode       = @@sql_mode */ ;
/*!50003 SET sql_mode              = 'STRICT_TRANS_TABLES,NO_ENGINE_SUBSTITUTION' */ ;
DELIMITER ;;
CREATE DEFINER=`root`@`localhost` PROCEDURE `SearchSettings`(in whereClause varchar(5000))
BEGIN
     set @querystr ='select * 
			FROM
			`vw_settings`';
           
    set @querystr= concat(@querystr,whereClause);
	PREPARE stmt1 
	FROM
		@querystr;
	EXECUTE stmt1;
	DEALLOCATE PREPARE stmt1;
END ;;
DELIMITER ;
/*!50003 SET sql_mode              = @saved_sql_mode */ ;
/*!50003 SET character_set_client  = @saved_cs_client */ ;
/*!50003 SET character_set_results = @saved_cs_results */ ;
/*!50003 SET collation_connection  = @saved_col_connection */ ;
/*!50003 DROP PROCEDURE IF EXISTS `SearchSettingsType` */;
/*!50003 SET @saved_cs_client      = @@character_set_client */ ;
/*!50003 SET @saved_cs_results     = @@character_set_results */ ;
/*!50003 SET @saved_col_connection = @@collation_connection */ ;
/*!50003 SET character_set_client  = utf8mb4 */ ;
/*!50003 SET character_set_results = utf8mb4 */ ;
/*!50003 SET collation_connection  = utf8mb4_0900_ai_ci */ ;
/*!50003 SET @saved_sql_mode       = @@sql_mode */ ;
/*!50003 SET sql_mode              = 'STRICT_TRANS_TABLES,NO_ENGINE_SUBSTITUTION' */ ;
DELIMITER ;;
CREATE DEFINER=`root`@`localhost` PROCEDURE `SearchSettingsType`(in whereClause varchar(5000))
BEGIN
     set @querystr ='select * 
			FROM
			`vw_settingstype`  ';
    set @querystr= concat(@querystr,whereClause);
	PREPARE stmt1 
	FROM
		@querystr;
	EXECUTE stmt1;
	DEALLOCATE PREPARE stmt1;
END ;;
DELIMITER ;
/*!50003 SET sql_mode              = @saved_sql_mode */ ;
/*!50003 SET character_set_client  = @saved_cs_client */ ;
/*!50003 SET character_set_results = @saved_cs_results */ ;
/*!50003 SET collation_connection  = @saved_col_connection */ ;
/*!50003 DROP PROCEDURE IF EXISTS `SearchStudent` */;
/*!50003 SET @saved_cs_client      = @@character_set_client */ ;
/*!50003 SET @saved_cs_results     = @@character_set_results */ ;
/*!50003 SET @saved_col_connection = @@collation_connection */ ;
/*!50003 SET character_set_client  = utf8mb4 */ ;
/*!50003 SET character_set_results = utf8mb4 */ ;
/*!50003 SET collation_connection  = utf8mb4_0900_ai_ci */ ;
/*!50003 SET @saved_sql_mode       = @@sql_mode */ ;
/*!50003 SET sql_mode              = 'STRICT_TRANS_TABLES,NO_ENGINE_SUBSTITUTION' */ ;
DELIMITER ;;
CREATE DEFINER=`root`@`localhost` PROCEDURE `SearchStudent`( in WhereClause varchar(5000))
BEGIN
 set @queryStr= "select * from `vw_Student`";
 set @queryStr= concat(@queryStr, WhereClause);
 prepare stm1
 from @queryStr;
 execute stm1;
 deallocate prepare stm1;
END ;;
DELIMITER ;
/*!50003 SET sql_mode              = @saved_sql_mode */ ;
/*!50003 SET character_set_client  = @saved_cs_client */ ;
/*!50003 SET character_set_results = @saved_cs_results */ ;
/*!50003 SET collation_connection  = @saved_col_connection */ ;
/*!50003 DROP PROCEDURE IF EXISTS `SearchTask` */;
/*!50003 SET @saved_cs_client      = @@character_set_client */ ;
/*!50003 SET @saved_cs_results     = @@character_set_results */ ;
/*!50003 SET @saved_col_connection = @@collation_connection */ ;
/*!50003 SET character_set_client  = utf8mb4 */ ;
/*!50003 SET character_set_results = utf8mb4 */ ;
/*!50003 SET collation_connection  = utf8mb4_0900_ai_ci */ ;
/*!50003 SET @saved_sql_mode       = @@sql_mode */ ;
/*!50003 SET sql_mode              = 'STRICT_TRANS_TABLES,NO_ENGINE_SUBSTITUTION' */ ;
DELIMITER ;;
CREATE DEFINER=`root`@`localhost` PROCEDURE `SearchTask`(in whereClause varchar(5000))
BEGIN
  set @querystr ='select * 
			FROM
			`lms`.`vw_Task`  ';
    set @querystr= concat(@querystr,whereClause);
	PREPARE stmt1 
	FROM
		@querystr;
	EXECUTE stmt1;
	DEALLOCATE PREPARE stmt1;
END ;;
DELIMITER ;
/*!50003 SET sql_mode              = @saved_sql_mode */ ;
/*!50003 SET character_set_client  = @saved_cs_client */ ;
/*!50003 SET character_set_results = @saved_cs_results */ ;
/*!50003 SET collation_connection  = @saved_col_connection */ ;
/*!50003 DROP PROCEDURE IF EXISTS `SearchTopic` */;
/*!50003 SET @saved_cs_client      = @@character_set_client */ ;
/*!50003 SET @saved_cs_results     = @@character_set_results */ ;
/*!50003 SET @saved_col_connection = @@collation_connection */ ;
/*!50003 SET character_set_client  = utf8mb4 */ ;
/*!50003 SET character_set_results = utf8mb4 */ ;
/*!50003 SET collation_connection  = utf8mb4_0900_ai_ci */ ;
/*!50003 SET @saved_sql_mode       = @@sql_mode */ ;
/*!50003 SET sql_mode              = 'STRICT_TRANS_TABLES,NO_ENGINE_SUBSTITUTION' */ ;
DELIMITER ;;
CREATE DEFINER=`root`@`localhost` PROCEDURE `SearchTopic`( in WhereClause varchar(5000))
BEGIN
 set @queryStr= "select * from `vw_topic`";
 set @queryStr= concat(@queryStr, WhereClause);
 prepare stm1
 from @queryStr;
 execute stm1;
 deallocate prepare stm1;
END ;;
DELIMITER ;
/*!50003 SET sql_mode              = @saved_sql_mode */ ;
/*!50003 SET character_set_client  = @saved_cs_client */ ;
/*!50003 SET character_set_results = @saved_cs_results */ ;
/*!50003 SET collation_connection  = @saved_col_connection */ ;
/*!50003 DROP PROCEDURE IF EXISTS `SearchUser` */;
/*!50003 SET @saved_cs_client      = @@character_set_client */ ;
/*!50003 SET @saved_cs_results     = @@character_set_results */ ;
/*!50003 SET @saved_col_connection = @@collation_connection */ ;
/*!50003 SET character_set_client  = utf8mb4 */ ;
/*!50003 SET character_set_results = utf8mb4 */ ;
/*!50003 SET collation_connection  = utf8mb4_0900_ai_ci */ ;
/*!50003 SET @saved_sql_mode       = @@sql_mode */ ;
/*!50003 SET sql_mode              = 'STRICT_TRANS_TABLES,NO_ENGINE_SUBSTITUTION' */ ;
DELIMITER ;;
CREATE DEFINER=`root`@`localhost` PROCEDURE `SearchUser`(in whereClause varchar(5000))
BEGIN
     set @querystr ='select * 
			FROM
			`lms`.`user`  ';
    set @querystr= concat(@querystr,whereClause);
	PREPARE stmt1 
	FROM
		@querystr;
	EXECUTE stmt1;
	DEALLOCATE PREPARE stmt1;
END ;;
DELIMITER ;
/*!50003 SET sql_mode              = @saved_sql_mode */ ;
/*!50003 SET character_set_client  = @saved_cs_client */ ;
/*!50003 SET character_set_results = @saved_cs_results */ ;
/*!50003 SET collation_connection  = @saved_col_connection */ ;
/*!50003 DROP PROCEDURE IF EXISTS `SearchUserattbydate` */;
/*!50003 SET @saved_cs_client      = @@character_set_client */ ;
/*!50003 SET @saved_cs_results     = @@character_set_results */ ;
/*!50003 SET @saved_col_connection = @@collation_connection */ ;
/*!50003 SET character_set_client  = utf8mb4 */ ;
/*!50003 SET character_set_results = utf8mb4 */ ;
/*!50003 SET collation_connection  = utf8mb4_0900_ai_ci */ ;
/*!50003 SET @saved_sql_mode       = @@sql_mode */ ;
/*!50003 SET sql_mode              = 'STRICT_TRANS_TABLES,NO_ENGINE_SUBSTITUTION' */ ;
DELIMITER ;;
CREATE DEFINER=`root`@`localhost` PROCEDURE `SearchUserattbydate`(in whereClause varchar(5000))
BEGIN
  set @querystr ='select * 
			FROM
			`lms`.`vw_userattbydate`  ';
    set @querystr= concat(@querystr,whereClause);
	PREPARE stmt1 
	FROM
		@querystr;
	EXECUTE stmt1;
	DEALLOCATE PREPARE stmt1;
END ;;
DELIMITER ;
/*!50003 SET sql_mode              = @saved_sql_mode */ ;
/*!50003 SET character_set_client  = @saved_cs_client */ ;
/*!50003 SET character_set_results = @saved_cs_results */ ;
/*!50003 SET collation_connection  = @saved_col_connection */ ;
/*!50003 DROP PROCEDURE IF EXISTS `SearchUsertaskbydate` */;
/*!50003 SET @saved_cs_client      = @@character_set_client */ ;
/*!50003 SET @saved_cs_results     = @@character_set_results */ ;
/*!50003 SET @saved_col_connection = @@collation_connection */ ;
/*!50003 SET character_set_client  = utf8mb4 */ ;
/*!50003 SET character_set_results = utf8mb4 */ ;
/*!50003 SET collation_connection  = utf8mb4_0900_ai_ci */ ;
/*!50003 SET @saved_sql_mode       = @@sql_mode */ ;
/*!50003 SET sql_mode              = 'STRICT_TRANS_TABLES,NO_ENGINE_SUBSTITUTION' */ ;
DELIMITER ;;
CREATE DEFINER=`root`@`localhost` PROCEDURE `SearchUsertaskbydate`(in whereClause varchar(5000))
BEGIN
  set @querystr ='select * 
			FROM
			`lms`.`vw_usertaskbydate`  ';
    set @querystr= concat(@querystr,whereClause);
	PREPARE stmt1 
	FROM
		@querystr;
	EXECUTE stmt1;
	DEALLOCATE PREPARE stmt1;
END ;;
DELIMITER ;
/*!50003 SET sql_mode              = @saved_sql_mode */ ;
/*!50003 SET character_set_client  = @saved_cs_client */ ;
/*!50003 SET character_set_results = @saved_cs_results */ ;
/*!50003 SET collation_connection  = @saved_col_connection */ ;

--
-- Final view structure for view `vw_attendance`
--

/*!50001 DROP VIEW IF EXISTS `vw_attendance`*/;
/*!50001 SET @saved_cs_client          = @@character_set_client */;
/*!50001 SET @saved_cs_results         = @@character_set_results */;
/*!50001 SET @saved_col_connection     = @@collation_connection */;
/*!50001 SET character_set_client      = utf8mb4 */;
/*!50001 SET character_set_results     = utf8mb4 */;
/*!50001 SET collation_connection      = utf8mb4_0900_ai_ci */;
/*!50001 CREATE ALGORITHM=UNDEFINED */
/*!50013 DEFINER=`root`@`localhost` SQL SECURITY DEFINER */
/*!50001 VIEW `vw_attendance` AS select `attendance`.`Id` AS `Id`,`aspnetusers`.`UserName` AS `User`,`attendance`.`InTime` AS `InTime`,`attendance`.`OutTime` AS `OutTime`,`attendance`.`WorkedHours` AS `WorkedHours`,`attendance`.`Date` AS `Date`,`attendance`.`CreatedOn` AS `CreatedOn`,`attendance`.`CreatedBy` AS `CreatedBy`,`attendance`.`ModifiedOn` AS `ModifiedOn`,`attendance`.`ModifiedBy` AS `ModifiedBy`,`attendance`.`IsActive` AS `IsActive` from (`attendance` left join `aspnetusers` on((`aspnetusers`.`Id` = `attendance`.`UserId`))) */;
/*!50001 SET character_set_client      = @saved_cs_client */;
/*!50001 SET character_set_results     = @saved_cs_results */;
/*!50001 SET collation_connection      = @saved_col_connection */;

--
-- Final view structure for view `vw_schedule`
--

/*!50001 DROP VIEW IF EXISTS `vw_schedule`*/;
/*!50001 SET @saved_cs_client          = @@character_set_client */;
/*!50001 SET @saved_cs_results         = @@character_set_results */;
/*!50001 SET @saved_col_connection     = @@collation_connection */;
/*!50001 SET character_set_client      = utf8mb4 */;
/*!50001 SET character_set_results     = utf8mb4 */;
/*!50001 SET collation_connection      = utf8mb4_0900_ai_ci */;
/*!50001 CREATE ALGORITHM=UNDEFINED */
/*!50013 DEFINER=`root`@`localhost` SQL SECURITY DEFINER */
/*!50001 VIEW `vw_schedule` AS select `schedule`.`Id` AS `Id`,`schedule`.`UserId` AS `UserId`,`aspnetusers`.`UserName` AS `User`,`schedule`.`RoleId` AS `RoleId`,`aspnetroles`.`Name` AS `Role`,`schedule`.`EntityId` AS `EntityId`,`entity`.`Name` AS `Entity`,`schedule`.`StartDate` AS `StartDate`,`schedule`.`EndDate` AS `EndDate`,`schedule`.`ScheduleTypeId` AS `ScheduleTypeId`,`scheduletype`.`Name` AS `ScheduleType`,`schedule`.`WorkingTypeId` AS `WorkingTypeId`,`workingtype`.`Name` AS `WorkingType`,`schedule`.`WorkingHours` AS `WorkingHours`,`schedule`.`CreatedOn` AS `CreatedOn`,`schedule`.`CreatedBy` AS `CreatedBy`,`schedule`.`ModifiedOn` AS `ModifiedOn`,`schedule`.`ModifiedBy` AS `ModifiedBy`,`schedule`.`IsActive` AS `IsActive` from (((((`schedule` left join `aspnetusers` on((`aspnetusers`.`Id` = `schedule`.`UserId`))) left join `aspnetroles` on((`aspnetroles`.`Id` = `schedule`.`RoleId`))) left join `enumline` `entity` on((`entity`.`Id` = `schedule`.`EntityId`))) left join `enumline` `scheduletype` on((`scheduletype`.`Id` = `schedule`.`ScheduleTypeId`))) left join `enumline` `workingtype` on((`workingtype`.`Id` = `schedule`.`WorkingTypeId`))) */;
/*!50001 SET character_set_client      = @saved_cs_client */;
/*!50001 SET character_set_results     = @saved_cs_results */;
/*!50001 SET collation_connection      = @saved_col_connection */;

--
-- Final view structure for view `vw_scheduledayevents`
--

/*!50001 DROP VIEW IF EXISTS `vw_scheduledayevents`*/;
/*!50001 SET @saved_cs_client          = @@character_set_client */;
/*!50001 SET @saved_cs_results         = @@character_set_results */;
/*!50001 SET @saved_col_connection     = @@collation_connection */;
/*!50001 SET character_set_client      = utf8mb4 */;
/*!50001 SET character_set_results     = utf8mb4 */;
/*!50001 SET collation_connection      = utf8mb4_0900_ai_ci */;
/*!50001 CREATE ALGORITHM=UNDEFINED */
/*!50013 DEFINER=`root`@`localhost` SQL SECURITY DEFINER */
/*!50001 VIEW `vw_scheduledayevents` AS select `schday`.`Id` AS `Id`,`schday`.`SchId` AS `SchId`,`schday`.`StartTime` AS `StartTime`,`schday`.`EndTime` AS `EndTime`,`schday`.`LocationId` AS `LocationId`,`location`.`Name` AS `Location`,`schday`.`EventTypeId` AS `EventTypeId`,`eventtype`.`Name` AS `EventType`,`schday`.`DAYId` AS `DAYId`,`day`.`Name` AS `DAY`,`schday`.`CreatedOn` AS `CreatedOn`,`schday`.`CreatedById` AS `CreatedById`,`schday`.`ModifiedOn` AS `ModifiedOn`,`schday`.`ModifiedById` AS `ModifiedById`,`schday`.`IsActive` AS `IsActive` from (((`scheduledaysevents` `schday` left join `enumline` `eventtype` on((`eventtype`.`Id` = `schday`.`EventTypeId`))) left join `enumline` `location` on((`location`.`Id` = `schday`.`LocationId`))) left join `enumline` `day` on((`day`.`Id` = `schday`.`DAYId`))) */;
/*!50001 SET character_set_client      = @saved_cs_client */;
/*!50001 SET character_set_results     = @saved_cs_results */;
/*!50001 SET collation_connection      = @saved_col_connection */;

--
-- Final view structure for view `vw_task`
--

/*!50001 DROP VIEW IF EXISTS `vw_task`*/;
/*!50001 SET @saved_cs_client          = @@character_set_client */;
/*!50001 SET @saved_cs_results         = @@character_set_results */;
/*!50001 SET @saved_col_connection     = @@collation_connection */;
/*!50001 SET character_set_client      = utf8mb4 */;
/*!50001 SET character_set_results     = utf8mb4 */;
/*!50001 SET collation_connection      = utf8mb4_0900_ai_ci */;
/*!50001 CREATE ALGORITHM=UNDEFINED */
/*!50013 DEFINER=`root`@`localhost` SQL SECURITY DEFINER */
/*!50001 VIEW `vw_task` AS select `tasks`.`Id` AS `Id`,`aspnetusers`.`UserName` AS `User`,`priority`.`Name` AS `Priority`,`status`.`Name` AS `Status`,`module`.`Name` AS `Module`,`tasks`.`TaskTitle` AS `TaskTitle`,`tasks`.`StoryPoints` AS `StoryPoints`,`tasks`.`SPs` AS `SPs`,`tasks`.`Date` AS `Date`,`tasks`.`DayEndStatus` AS `DayEndStatus`,`tasks`.`CreatedOn` AS `CreatedOn`,`tasks`.`CreatedBy` AS `CreatedBy`,`tasks`.`ModifiedOn` AS `ModifiedOn`,`tasks`.`ModifiedBy` AS `ModifiedBy`,`tasks`.`IsActive` AS `IsActive` from ((((`tasks` left join `aspnetusers` on((`aspnetusers`.`Id` = `tasks`.`UserId`))) left join `enumline` `priority` on((`priority`.`Id` = `tasks`.`PriorityId`))) left join `enumline` `status` on((`status`.`Id` = `tasks`.`StatusId`))) left join `enumline` `module` on((`module`.`Id` = `tasks`.`ModuleId`))) */;
/*!50001 SET character_set_client      = @saved_cs_client */;
/*!50001 SET character_set_results     = @saved_cs_results */;
/*!50001 SET collation_connection      = @saved_col_connection */;

--
-- Final view structure for view `vw_userattbydate`
--

/*!50001 DROP VIEW IF EXISTS `vw_userattbydate`*/;
/*!50001 SET @saved_cs_client          = @@character_set_client */;
/*!50001 SET @saved_cs_results         = @@character_set_results */;
/*!50001 SET @saved_col_connection     = @@collation_connection */;
/*!50001 SET character_set_client      = utf8mb4 */;
/*!50001 SET character_set_results     = utf8mb4 */;
/*!50001 SET collation_connection      = utf8mb4_0900_ai_ci */;
/*!50001 CREATE ALGORITHM=UNDEFINED */
/*!50013 DEFINER=`root`@`localhost` SQL SECURITY DEFINER */
/*!50001 VIEW `vw_userattbydate` AS select `u`.`UserName` AS `User`,`a`.`Date` AS `Date`,group_concat(concat('In:',`a`.`InTime`,' -Out:',`a`.`OutTime`,'(',`a`.`WorkedHours`,'hours)') separator ', ') AS `AttendanceDetails`,sum(`a`.`WorkedHours`) AS `TotalWorkedHours` from (`attendance` `a` join `aspnetusers` `u` on((`a`.`UserId` = `u`.`Id`))) group by `a`.`UserId`,`a`.`Date` */;
/*!50001 SET character_set_client      = @saved_cs_client */;
/*!50001 SET character_set_results     = @saved_cs_results */;
/*!50001 SET collation_connection      = @saved_col_connection */;

--
-- Final view structure for view `vw_usertaskbydate`
--

/*!50001 DROP VIEW IF EXISTS `vw_usertaskbydate`*/;
/*!50001 SET @saved_cs_client          = @@character_set_client */;
/*!50001 SET @saved_cs_results         = @@character_set_results */;
/*!50001 SET @saved_col_connection     = @@collation_connection */;
/*!50001 SET character_set_client      = utf8mb4 */;
/*!50001 SET character_set_results     = utf8mb4 */;
/*!50001 SET collation_connection      = utf8mb4_0900_ai_ci */;
/*!50001 CREATE ALGORITHM=UNDEFINED */
/*!50013 DEFINER=`root`@`localhost` SQL SECURITY DEFINER */
/*!50001 VIEW `vw_usertaskbydate` AS select `u`.`UserName` AS `UserName`,`t`.`Date` AS `Date`,group_concat(concat(`t`.`TaskTitle`,' (',`status`.`Name`,')') separator ', ') AS `TaskDetails`,group_concat(`t`.`StoryPoints` separator ',') AS `StoryPoints`,sum(`t`.`SPs`) AS `TotalSP`,avg(`t`.`DayEndStatus`) AS `TotalDayEndStatus` from ((`tasks` `t` join `aspnetusers` `u` on((`t`.`UserId` = `u`.`Id`))) join `enumline` `status` on((`t`.`StatusId` = `status`.`Id`))) group by `t`.`UserId`,`t`.`Date` */;
/*!50001 SET character_set_client      = @saved_cs_client */;
/*!50001 SET character_set_results     = @saved_cs_results */;
/*!50001 SET collation_connection      = @saved_col_connection */;
/*!40103 SET TIME_ZONE=@OLD_TIME_ZONE */;

/*!40101 SET SQL_MODE=@OLD_SQL_MODE */;
/*!40014 SET FOREIGN_KEY_CHECKS=@OLD_FOREIGN_KEY_CHECKS */;
/*!40014 SET UNIQUE_CHECKS=@OLD_UNIQUE_CHECKS */;
/*!40101 SET CHARACTER_SET_CLIENT=@OLD_CHARACTER_SET_CLIENT */;
/*!40101 SET CHARACTER_SET_RESULTS=@OLD_CHARACTER_SET_RESULTS */;
/*!40101 SET COLLATION_CONNECTION=@OLD_COLLATION_CONNECTION */;
/*!40111 SET SQL_NOTES=@OLD_SQL_NOTES */;

-- Dump completed on 2023-08-19 16:30:14
